state_index,state,ntrap_cm3,nsheet_cm2,VGS_V,VDS_V,perturbed_terminal,measured_terminal,capacitance_F,delta_voltage_V,method,supported,limitation,converged,error_message
0,State_0_Empty,0.0,0.0,-1.0,0.05,gate,gate,4.1848227588920035e-18,0.0005,central difference of DEVSIM gate contact charge with fixed Ntrap and adaptive bias micro-ramps,True,,True,
0,State_0_Empty,0.0,0.0,-1.0,0.05,gate,drain,nan,0.0005,central difference of DEVSIM gate contact charge with fixed Ntrap and adaptive bias micro-ramps,False,Qd/Qs compact-model channel-charge partition is not defined by the present conducting-contact DC model; values remain NaN. Source/drain Poisson boundary fluxes are diagnostics only.,True,
0,State_0_Empty,0.0,0.0,-1.0,0.05,gate,source,nan,0.0005,central difference of DEVSIM gate contact charge with fixed Ntrap and adaptive bias micro-ramps,False,Qd/Qs compact-model channel-charge partition is not defined by the present conducting-contact DC model; values remain NaN. Source/drain Poisson boundary fluxes are diagnostics only.,True,
0,State_0_Empty,0.0,0.0,-1.0,0.05,drain,gate,-2.09241137737139e-18,0.0005,central difference of DEVSIM gate contact charge with fixed Ntrap and adaptive bias micro-ramps,True,,True,
0,State_0_Empty,0.0,0.0,-1.0,0.05,drain,drain,nan,0.0005,central difference of DEVSIM gate contact charge with fixed Ntrap and adaptive bias micro-ramps,False,Qd/Qs compact-model channel-charge partition is not defined by the present conducting-contact DC model; values remain NaN. Source/drain Poisson boundary fluxes are diagnostics only.,True,
0,State_0_Empty,0.0,0.0,-1.0,0.05,drain,source,nan,0.0005,central difference of DEVSIM gate contact charge with fixed Ntrap and adaptive bias micro-ramps,False,Qd/Qs compact-model channel-charge partition is not defined by the present conducting-contact DC model; values remain NaN. Source/drain Poisson boundary fluxes are diagnostics only.,True,
0,State_0_Empty,0.0,0.0,-1.0,0.05,source,gate,-2.0924113814674578e-18,0.0005,central difference of DEVSIM gate contact charge with fixed Ntrap and adaptive bias micro-ramps,True,,True,
0,State_0_Empty,0.0,0.0,-1.0,0.05,source,drain,nan,0.0005,central difference of DEVSIM gate contact charge with fixed Ntrap and adaptive bias micro-ramps,False,Qd/Qs compact-model channel-charge partition is not defined by the present conducting-contact DC model; values remain NaN. Source/drain Poisson boundary fluxes are diagnostics only.,True,
0,State_0_Empty,0.0,0.0,-1.0,0.05,source,source,nan,0.0005,central difference of DEVSIM gate contact charge with fixed Ntrap and adaptive bias micro-ramps,False,Qd/Qs compact-model channel-charge partition is not defined by the present conducting-contact DC model; values remain NaN. Source/drain Poisson boundary fluxes are diagnostics only.,True,
0,State_0_Empty,0.0,0.0,-1.0,0.05,gate,gate,4.184822758876981e-18,0.001,central difference of DEVSIM gate contact charge with fixed Ntrap and adaptive bias micro-ramps,True,,True,
0,State_0_Empty,0.0,0.0,-1.0,0.05,gate,drain,nan,0.001,central difference of DEVSIM gate contact charge with fixed Ntrap and adaptive bias micro-ramps,False,Qd/Qs compact-model channel-charge partition is not defined by the present conducting-contact DC model; values remain NaN. Source/drain Poisson boundary fluxes are diagnostics only.,True,
0,State_0_Empty,0.0,0.0,-1.0,0.05,gate,source,nan,0.001,central difference of DEVSIM gate contact charge with fixed Ntrap and adaptive bias micro-ramps,False,Qd/Qs compact-model channel-charge partition is not defined by the present conducting-contact DC model; values remain NaN. Source/drain Poisson boundary fluxes are diagnostics only.,True,
0,State_0_Empty,0.0,0.0,-1.0,0.05,drain,gate,-2.0924113773829456e-18,0.001,central difference of DEVSIM gate contact charge with fixed Ntrap and adaptive bias micro-ramps,True,,True,
0,State_0_Empty,0.0,0.0,-1.0,0.05,drain,drain,nan,0.001,central difference of DEVSIM gate contact charge with fixed Ntrap and adaptive bias micro-ramps,False,Qd/Qs compact-model channel-charge partition is not defined by the present conducting-contact DC model; values remain NaN. Source/drain Poisson boundary fluxes are diagnostics only.,True,
0,State_0_Empty,0.0,0.0,-1.0,0.05,drain,source,nan,0.001,central difference of DEVSIM gate contact charge with fixed Ntrap and adaptive bias micro-ramps,False,Qd/Qs compact-model channel-charge partition is not defined by the present conducting-contact DC model; values remain NaN. Source/drain Poisson boundary fluxes are diagnostics only.,True,
0,State_0_Empty,0.0,0.0,-1.0,0.05,source,gate,-2.0924113814828652e-18,0.001,central difference of DEVSIM gate contact charge with fixed Ntrap and adaptive bias micro-ramps,True,,True,
0,State_0_Empty,0.0,0.0,-1.0,0.05,source,drain,nan,0.001,central difference of DEVSIM gate contact charge with fixed Ntrap and adaptive bias micro-ramps,False,Qd/Qs compact-model channel-charge partition is not defined by the present conducting-contact DC model; values remain NaN. Source/drain Poisson boundary fluxes are diagnostics only.,True,
0,State_0_Empty,0.0,0.0,-1.0,0.05,source,source,nan,0.001,central difference of DEVSIM gate contact charge with fixed Ntrap and adaptive bias micro-ramps,False,Qd/Qs compact-model channel-charge partition is not defined by the present conducting-contact DC model; values remain NaN. Source/drain Poisson boundary fluxes are diagnostics only.,True,
0,State_0_Empty,0.0,0.0,-1.0,0.05,gate,gate,4.184822758850596e-18,0.002,central difference of DEVSIM gate contact charge with fixed Ntrap and adaptive bias micro-ramps,True,,True,
0,State_0_Empty,0.0,0.0,-1.0,0.05,gate,drain,nan,0.002,central difference of DEVSIM gate contact charge with fixed Ntrap and adaptive bias micro-ramps,False,Qd/Qs compact-model channel-charge partition is not defined by the present conducting-contact DC model; values remain NaN. Source/drain Poisson boundary fluxes are diagnostics only.,True,
0,State_0_Empty,0.0,0.0,-1.0,0.05,gate,source,nan,0.002,central difference of DEVSIM gate contact charge with fixed Ntrap and adaptive bias micro-ramps,False,Qd/Qs compact-model channel-charge partition is not defined by the present conducting-contact DC model; values remain NaN. Source/drain Poisson boundary fluxes are diagnostics only.,True,
0,State_0_Empty,0.0,0.0,-1.0,0.05,drain,gate,-2.0924113773763974e-18,0.002,central difference of DEVSIM gate contact charge with fixed Ntrap and adaptive bias micro-ramps,True,,True,
0,State_0_Empty,0.0,0.0,-1.0,0.05,drain,drain,nan,0.002,central difference of DEVSIM gate contact charge with fixed Ntrap and adaptive bias micro-ramps,False,Qd/Qs compact-model channel-charge partition is not defined by the present conducting-contact DC model; values remain NaN. Source/drain Poisson boundary fluxes are diagnostics only.,True,
0,State_0_Empty,0.0,0.0,-1.0,0.05,drain,source,nan,0.002,central difference of DEVSIM gate contact charge with fixed Ntrap and adaptive bias micro-ramps,False,Qd/Qs compact-model channel-charge partition is not defined by the present conducting-contact DC model; values remain NaN. Source/drain Poisson boundary fluxes are diagnostics only.,True,
0,State_0_Empty,0.0,0.0,-1.0,0.05,source,gate,-2.0924113814761245e-18,0.002,central difference of DEVSIM gate contact charge with fixed Ntrap and adaptive bias micro-ramps,True,,True,
0,State_0_Empty,0.0,0.0,-1.0,0.05,source,drain,nan,0.002,central difference of DEVSIM gate contact charge with fixed Ntrap and adaptive bias micro-ramps,False,Qd/Qs compact-model channel-charge partition is not defined by the present conducting-contact DC model; values remain NaN. Source/drain Poisson boundary fluxes are diagnostics only.,True,
0,State_0_Empty,0.0,0.0,-1.0,0.05,source,source,nan,0.002,central difference of DEVSIM gate contact charge with fixed Ntrap and adaptive bias micro-ramps,False,Qd/Qs compact-model channel-charge partition is not defined by the present conducting-contact DC model; values remain NaN. Source/drain Poisson boundary fluxes are diagnostics only.,True,
0,State_0_Empty,0.0,0.0,3.0,0.05,gate,gate,5.142453198807624e-17,0.0005,central difference of DEVSIM gate contact charge with fixed Ntrap and adaptive bias micro-ramps,True,,True,
0,State_0_Empty,0.0,0.0,3.0,0.05,gate,drain,nan,0.0005,central difference of DEVSIM gate contact charge with fixed Ntrap and adaptive bias micro-ramps,False,Qd/Qs compact-model channel-charge partition is not defined by the present conducting-contact DC model; values remain NaN. Source/drain Poisson boundary fluxes are diagnostics only.,True,
0,State_0_Empty,0.0,0.0,3.0,0.05,gate,source,nan,0.0005,central difference of DEVSIM gate contact charge with fixed Ntrap and adaptive bias micro-ramps,False,Qd/Qs compact-model channel-charge partition is not defined by the present conducting-contact DC model; values remain NaN. Source/drain Poisson boundary fluxes are diagnostics only.,True,
0,State_0_Empty,0.0,0.0,3.0,0.05,drain,gate,-4.1969963893404437e-17,0.0005,central difference of DEVSIM gate contact charge with fixed Ntrap and adaptive bias micro-ramps,True,,True,
0,State_0_Empty,0.0,0.0,3.0,0.05,drain,drain,nan,0.0005,central difference of DEVSIM gate contact charge with fixed Ntrap and adaptive bias micro-ramps,False,Qd/Qs compact-model channel-charge partition is not defined by the present conducting-contact DC model; values remain NaN. Source/drain Poisson boundary fluxes are diagnostics only.,True,
0,State_0_Empty,0.0,0.0,3.0,0.05,drain,source,nan,0.0005,central difference of DEVSIM gate contact charge with fixed Ntrap and adaptive bias micro-ramps,False,Qd/Qs compact-model channel-charge partition is not defined by the present conducting-contact DC model; values remain NaN. Source/drain Poisson boundary fluxes are diagnostics only.,True,
0,State_0_Empty,0.0,0.0,3.0,0.05,source,gate,-9.454567814527571e-18,0.0005,central difference of DEVSIM gate contact charge with fixed Ntrap and adaptive bias micro-ramps,True,,True,
0,State_0_Empty,0.0,0.0,3.0,0.05,source,drain,nan,0.0005,central difference of DEVSIM gate contact charge with fixed Ntrap and adaptive bias micro-ramps,False,Qd/Qs compact-model channel-charge partition is not defined by the present conducting-contact DC model; values remain NaN. Source/drain Poisson boundary fluxes are diagnostics only.,True,
0,State_0_Empty,0.0,0.0,3.0,0.05,source,source,nan,0.0005,central difference of DEVSIM gate contact charge with fixed Ntrap and adaptive bias micro-ramps,False,Qd/Qs compact-model channel-charge partition is not defined by the present conducting-contact DC model; values remain NaN. Source/drain Poisson boundary fluxes are diagnostics only.,True,
0,State_0_Empty,0.0,0.0,3.0,0.05,gate,gate,5.142453192601507e-17,0.001,central difference of DEVSIM gate contact charge with fixed Ntrap and adaptive bias micro-ramps,True,,True,
0,State_0_Empty,0.0,0.0,3.0,0.05,gate,drain,nan,0.001,central difference of DEVSIM gate contact charge with fixed Ntrap and adaptive bias micro-ramps,False,Qd/Qs compact-model channel-charge partition is not defined by the present conducting-contact DC model; values remain NaN. Source/drain Poisson boundary fluxes are diagnostics only.,True,
0,State_0_Empty,0.0,0.0,3.0,0.05,gate,source,nan,0.001,central difference of DEVSIM gate contact charge with fixed Ntrap and adaptive bias micro-ramps,False,Qd/Qs compact-model channel-charge partition is not defined by the present conducting-contact DC model; values remain NaN. Source/drain Poisson boundary fluxes are diagnostics only.,True,
0,State_0_Empty,0.0,0.0,3.0,0.05,drain,gate,-4.1969349511207326e-17,0.001,central difference of DEVSIM gate contact charge with fixed Ntrap and adaptive bias micro-ramps,True,,True,
0,State_0_Empty,0.0,0.0,3.0,0.05,drain,drain,nan,0.001,central difference of DEVSIM gate contact charge with fixed Ntrap and adaptive bias micro-ramps,False,Qd/Qs compact-model channel-charge partition is not defined by the present conducting-contact DC model; values remain NaN. Source/drain Poisson boundary fluxes are diagnostics only.,True,
0,State_0_Empty,0.0,0.0,3.0,0.05,drain,source,nan,0.001,central difference of DEVSIM gate contact charge with fixed Ntrap and adaptive bias micro-ramps,False,Qd/Qs compact-model channel-charge partition is not defined by the present conducting-contact DC model; values remain NaN. Source/drain Poisson boundary fluxes are diagnostics only.,True,
0,State_0_Empty,0.0,0.0,3.0,0.05,source,gate,-9.45518126589963e-18,0.001,central difference of DEVSIM gate contact charge with fixed Ntrap and adaptive bias micro-ramps,True,,True,
0,State_0_Empty,0.0,0.0,3.0,0.05,source,drain,nan,0.001,central difference of DEVSIM gate contact charge with fixed Ntrap and adaptive bias micro-ramps,False,Qd/Qs compact-model channel-charge partition is not defined by the present conducting-contact DC model; values remain NaN. Source/drain Poisson boundary fluxes are diagnostics only.,True,
0,State_0_Empty,0.0,0.0,3.0,0.05,source,source,nan,0.001,central difference of DEVSIM gate contact charge with fixed Ntrap and adaptive bias micro-ramps,False,Qd/Qs compact-model channel-charge partition is not defined by the present conducting-contact DC model; values remain NaN. Source/drain Poisson boundary fluxes are diagnostics only.,True,
0,State_0_Empty,0.0,0.0,3.0,0.05,gate,gate,5.142453167231925e-17,0.002,central difference of DEVSIM gate contact charge with fixed Ntrap and adaptive bias micro-ramps,True,,True,
0,State_0_Empty,0.0,0.0,3.0,0.05,gate,drain,nan,0.002,central difference of DEVSIM gate contact charge with fixed Ntrap and adaptive bias micro-ramps,False,Qd/Qs compact-model channel-charge partition is not defined by the present conducting-contact DC model; values remain NaN. Source/drain Poisson boundary fluxes are diagnostics only.,True,
0,State_0_Empty,0.0,0.0,3.0,0.05,gate,source,nan,0.002,central difference of DEVSIM gate contact charge with fixed Ntrap and adaptive bias micro-ramps,False,Qd/Qs compact-model channel-charge partition is not defined by the present conducting-contact DC model; values remain NaN. Source/drain Poisson boundary fluxes are diagnostics only.,True,
0,State_0_Empty,0.0,0.0,3.0,0.05,drain,gate,-4.1966892292025216e-17,0.002,central difference of DEVSIM gate contact charge with fixed Ntrap and adaptive bias micro-ramps,True,,True,
0,State_0_Empty,0.0,0.0,3.0,0.05,drain,drain,nan,0.002,central difference of DEVSIM gate contact charge with fixed Ntrap and adaptive bias micro-ramps,False,Qd/Qs compact-model channel-charge partition is not defined by the present conducting-contact DC model; values remain NaN. Source/drain Poisson boundary fluxes are diagnostics only.,True,
0,State_0_Empty,0.0,0.0,3.0,0.05,drain,source,nan,0.002,central difference of DEVSIM gate contact charge with fixed Ntrap and adaptive bias micro-ramps,False,Qd/Qs compact-model channel-charge partition is not defined by the present conducting-contact DC model; values remain NaN. Source/drain Poisson boundary fluxes are diagnostics only.,True,
0,State_0_Empty,0.0,0.0,3.0,0.05,source,gate,-9.457634774209167e-18,0.002,central difference of DEVSIM gate contact charge with fixed Ntrap and adaptive bias micro-ramps,True,,True,
0,State_0_Empty,0.0,0.0,3.0,0.05,source,drain,nan,0.002,central difference of DEVSIM gate contact charge with fixed Ntrap and adaptive bias micro-ramps,False,Qd/Qs compact-model channel-charge partition is not defined by the present conducting-contact DC model; values remain NaN. Source/drain Poisson boundary fluxes are diagnostics only.,True,
0,State_0_Empty,0.0,0.0,3.0,0.05,source,source,nan,0.002,central difference of DEVSIM gate contact charge with fixed Ntrap and adaptive bias micro-ramps,False,Qd/Qs compact-model channel-charge partition is not defined by the present conducting-contact DC model; values remain NaN. Source/drain Poisson boundary fluxes are diagnostics only.,True,
1,State_1,2e+17,100000000000.0,-1.0,0.05,gate,gate,4.1848227551580105e-18,0.0005,central difference of DEVSIM gate contact charge with fixed Ntrap and adaptive bias micro-ramps,True,,True,
1,State_1,2e+17,100000000000.0,-1.0,0.05,gate,drain,nan,0.0005,central difference of DEVSIM gate contact charge with fixed Ntrap and adaptive bias micro-ramps,False,Qd/Qs compact-model channel-charge partition is not defined by the present conducting-contact DC model; values remain NaN. Source/drain Poisson boundary fluxes are diagnostics only.,True,
1,State_1,2e+17,100000000000.0,-1.0,0.05,gate,source,nan,0.0005,central difference of DEVSIM gate contact charge with fixed Ntrap and adaptive bias micro-ramps,False,Qd/Qs compact-model channel-charge partition is not defined by the present conducting-contact DC model; values remain NaN. Source/drain Poisson boundary fluxes are diagnostics only.,True,
1,State_1,2e+17,100000000000.0,-1.0,0.05,drain,gate,-2.0924113756989124e-18,0.0005,central difference of DEVSIM gate contact charge with fixed Ntrap and adaptive bias micro-ramps,True,,True,
1,State_1,2e+17,100000000000.0,-1.0,0.05,drain,drain,nan,0.0005,central difference of DEVSIM gate contact charge with fixed Ntrap and adaptive bias micro-ramps,False,Qd/Qs compact-model channel-charge partition is not defined by the present conducting-contact DC model; values remain NaN. Source/drain Poisson boundary fluxes are diagnostics only.,True,
1,State_1,2e+17,100000000000.0,-1.0,0.05,drain,source,nan,0.0005,central difference of DEVSIM gate contact charge with fixed Ntrap and adaptive bias micro-ramps,False,Qd/Qs compact-model channel-charge partition is not defined by the present conducting-contact DC model; values remain NaN. Source/drain Poisson boundary fluxes are diagnostics only.,True,
1,State_1,2e+17,100000000000.0,-1.0,0.05,source,gate,-2.092411379519187e-18,0.0005,central difference of DEVSIM gate contact charge with fixed Ntrap and adaptive bias micro-ramps,True,,True,
1,State_1,2e+17,100000000000.0,-1.0,0.05,source,drain,nan,0.0005,central difference of DEVSIM gate contact charge with fixed Ntrap and adaptive bias micro-ramps,False,Qd/Qs compact-model channel-charge partition is not defined by the present conducting-contact DC model; values remain NaN. Source/drain Poisson boundary fluxes are diagnostics only.,True,
1,State_1,2e+17,100000000000.0,-1.0,0.05,source,source,nan,0.0005,central difference of DEVSIM gate contact charge with fixed Ntrap and adaptive bias micro-ramps,False,Qd/Qs compact-model channel-charge partition is not defined by the present conducting-contact DC model; values remain NaN. Source/drain Poisson boundary fluxes are diagnostics only.,True,
1,State_1,2e+17,100000000000.0,-1.0,0.05,gate,gate,4.1848227552242625e-18,0.001,central difference of DEVSIM gate contact charge with fixed Ntrap and adaptive bias micro-ramps,True,,True,
1,State_1,2e+17,100000000000.0,-1.0,0.05,gate,drain,nan,0.001,central difference of DEVSIM gate contact charge with fixed Ntrap and adaptive bias micro-ramps,False,Qd/Qs compact-model channel-charge partition is not defined by the present conducting-contact DC model; values remain NaN. Source/drain Poisson boundary fluxes are diagnostics only.,True,
1,State_1,2e+17,100000000000.0,-1.0,0.05,gate,source,nan,0.001,central difference of DEVSIM gate contact charge with fixed Ntrap and adaptive bias micro-ramps,False,Qd/Qs compact-model channel-charge partition is not defined by the present conducting-contact DC model; values remain NaN. Source/drain Poisson boundary fluxes are diagnostics only.,True,
1,State_1,2e+17,100000000000.0,-1.0,0.05,drain,gate,-2.09241137568389e-18,0.001,central difference of DEVSIM gate contact charge with fixed Ntrap and adaptive bias micro-ramps,True,,True,
1,State_1,2e+17,100000000000.0,-1.0,0.05,drain,drain,nan,0.001,central difference of DEVSIM gate contact charge with fixed Ntrap and adaptive bias micro-ramps,False,Qd/Qs compact-model channel-charge partition is not defined by the present conducting-contact DC model; values remain NaN. Source/drain Poisson boundary fluxes are diagnostics only.,True,
1,State_1,2e+17,100000000000.0,-1.0,0.05,drain,source,nan,0.001,central difference of DEVSIM gate contact charge with fixed Ntrap and adaptive bias micro-ramps,False,Qd/Qs compact-model channel-charge partition is not defined by the present conducting-contact DC model; values remain NaN. Source/drain Poisson boundary fluxes are diagnostics only.,True,
1,State_1,2e+17,100000000000.0,-1.0,0.05,source,gate,-2.0924113795257352e-18,0.001,central difference of DEVSIM gate contact charge with fixed Ntrap and adaptive bias micro-ramps,True,,True,
1,State_1,2e+17,100000000000.0,-1.0,0.05,source,drain,nan,0.001,central difference of DEVSIM gate contact charge with fixed Ntrap and adaptive bias micro-ramps,False,Qd/Qs compact-model channel-charge partition is not defined by the present conducting-contact DC model; values remain NaN. Source/drain Poisson boundary fluxes are diagnostics only.,True,
1,State_1,2e+17,100000000000.0,-1.0,0.05,source,source,nan,0.001,central difference of DEVSIM gate contact charge with fixed Ntrap and adaptive bias micro-ramps,False,Qd/Qs compact-model channel-charge partition is not defined by the present conducting-contact DC model; values remain NaN. Source/drain Poisson boundary fluxes are diagnostics only.,True,
1,State_1,2e+17,100000000000.0,-1.0,0.05,gate,gate,4.184822755195951e-18,0.002,central difference of DEVSIM gate contact charge with fixed Ntrap and adaptive bias micro-ramps,True,,True,
1,State_1,2e+17,100000000000.0,-1.0,0.05,gate,drain,nan,0.002,central difference of DEVSIM gate contact charge with fixed Ntrap and adaptive bias micro-ramps,False,Qd/Qs compact-model channel-charge partition is not defined by the present conducting-contact DC model; values remain NaN. Source/drain Poisson boundary fluxes are diagnostics only.,True,
1,State_1,2e+17,100000000000.0,-1.0,0.05,gate,source,nan,0.002,central difference of DEVSIM gate contact charge with fixed Ntrap and adaptive bias micro-ramps,False,Qd/Qs compact-model channel-charge partition is not defined by the present conducting-contact DC model; values remain NaN. Source/drain Poisson boundary fluxes are diagnostics only.,True,
1,State_1,2e+17,100000000000.0,-1.0,0.05,drain,gate,-2.0924113756879346e-18,0.002,central difference of DEVSIM gate contact charge with fixed Ntrap and adaptive bias micro-ramps,True,,True,
1,State_1,2e+17,100000000000.0,-1.0,0.05,drain,drain,nan,0.002,central difference of DEVSIM gate contact charge with fixed Ntrap and adaptive bias micro-ramps,False,Qd/Qs compact-model channel-charge partition is not defined by the present conducting-contact DC model; values remain NaN. Source/drain Poisson boundary fluxes are diagnostics only.,True,
1,State_1,2e+17,100000000000.0,-1.0,0.05,drain,source,nan,0.002,central difference of DEVSIM gate contact charge with fixed Ntrap and adaptive bias micro-ramps,False,Qd/Qs compact-model channel-charge partition is not defined by the present conducting-contact DC model; values remain NaN. Source/drain Poisson boundary fluxes are diagnostics only.,True,
1,State_1,2e+17,100000000000.0,-1.0,0.05,source,gate,-2.0924113795157204e-18,0.002,central difference of DEVSIM gate contact charge with fixed Ntrap and adaptive bias micro-ramps,True,,True,
1,State_1,2e+17,100000000000.0,-1.0,0.05,source,drain,nan,0.002,central difference of DEVSIM gate contact charge with fixed Ntrap and adaptive bias micro-ramps,False,Qd/Qs compact-model channel-charge partition is not defined by the present conducting-contact DC model; values remain NaN. Source/drain Poisson boundary fluxes are diagnostics only.,True,
1,State_1,2e+17,100000000000.0,-1.0,0.05,source,source,nan,0.002,central difference of DEVSIM gate contact charge with fixed Ntrap and adaptive bias micro-ramps,False,Qd/Qs compact-model channel-charge partition is not defined by the present conducting-contact DC model; values remain NaN. Source/drain Poisson boundary fluxes are diagnostics only.,True,
1,State_1,2e+17,100000000000.0,3.0,0.05,gate,gate,5.141183781068157e-17,0.0005,central difference of DEVSIM gate contact charge with fixed Ntrap and adaptive bias micro-ramps,True,,True,
1,State_1,2e+17,100000000000.0,3.0,0.05,gate,drain,nan,0.0005,central difference of DEVSIM gate contact charge with fixed Ntrap and adaptive bias micro-ramps,False,Qd/Qs compact-model channel-charge partition is not defined by the present conducting-contact DC model; values remain NaN. Source/drain Poisson boundary fluxes are diagnostics only.,True,
1,State_1,2e+17,100000000000.0,3.0,0.05,gate,source,nan,0.0005,central difference of DEVSIM gate contact charge with fixed Ntrap and adaptive bias micro-ramps,False,Qd/Qs compact-model channel-charge partition is not defined by the present conducting-contact DC model; values remain NaN. Source/drain Poisson boundary fluxes are diagnostics only.,True,
1,State_1,2e+17,100000000000.0,3.0,0.05,drain,gate,-4.1957436976055117e-17,0.0005,central difference of DEVSIM gate contact charge with fixed Ntrap and adaptive bias micro-ramps,True,,True,
1,State_1,2e+17,100000000000.0,3.0,0.05,drain,drain,nan,0.0005,central difference of DEVSIM gate contact charge with fixed Ntrap and adaptive bias micro-ramps,False,Qd/Qs compact-model channel-charge partition is not defined by the present conducting-contact DC model; values remain NaN. Source/drain Poisson boundary fluxes are diagnostics only.,True,
1,State_1,2e+17,100000000000.0,3.0,0.05,drain,source,nan,0.0005,central difference of DEVSIM gate contact charge with fixed Ntrap and adaptive bias micro-ramps,False,Qd/Qs compact-model channel-charge partition is not defined by the present conducting-contact DC model; values remain NaN. Source/drain Poisson boundary fluxes are diagnostics only.,True,
1,State_1,2e+17,100000000000.0,3.0,0.05,source,gate,-9.454400539272003e-18,0.0005,central difference of DEVSIM gate contact charge with fixed Ntrap and adaptive bias micro-ramps,True,,True,
1,State_1,2e+17,100000000000.0,3.0,0.05,source,drain,nan,0.0005,central difference of DEVSIM gate contact charge with fixed Ntrap and adaptive bias micro-ramps,False,Qd/Qs compact-model channel-charge partition is not defined by the present conducting-contact DC model; values remain NaN. Source/drain Poisson boundary fluxes are diagnostics only.,True,
1,State_1,2e+17,100000000000.0,3.0,0.05,source,source,nan,0.0005,central difference of DEVSIM gate contact charge with fixed Ntrap and adaptive bias micro-ramps,False,Qd/Qs compact-model channel-charge partition is not defined by the present conducting-contact DC model; values remain NaN. Source/drain Poisson boundary fluxes are diagnostics only.,True,
1,State_1,2e+17,100000000000.0,3.0,0.05,gate,gate,5.141183774287035e-17,0.001,central difference of DEVSIM gate contact charge with fixed Ntrap and adaptive bias micro-ramps,True,,True,
1,State_1,2e+17,100000000000.0,3.0,0.05,gate,drain,nan,0.001,central difference of DEVSIM gate contact charge with fixed Ntrap and adaptive bias micro-ramps,False,Qd/Qs compact-model channel-charge partition is not defined by the present conducting-contact DC model; values remain NaN. Source/drain Poisson boundary fluxes are diagnostics only.,True,
1,State_1,2e+17,100000000000.0,3.0,0.05,gate,source,nan,0.001,central difference of DEVSIM gate contact charge with fixed Ntrap and adaptive bias micro-ramps,False,Qd/Qs compact-model channel-charge partition is not defined by the present conducting-contact DC model; values remain NaN. Source/drain Poisson boundary fluxes are diagnostics only.,True,
1,State_1,2e+17,100000000000.0,3.0,0.05,drain,gate,-4.195682286494882e-17,0.001,central difference of DEVSIM gate contact charge with fixed Ntrap and adaptive bias micro-ramps,True,,True,
1,State_1,2e+17,100000000000.0,3.0,0.05,drain,drain,nan,0.001,central difference of DEVSIM gate contact charge with fixed Ntrap and adaptive bias micro-ramps,False,Qd/Qs compact-model channel-charge partition is not defined by the present conducting-contact DC model; values remain NaN. Source/drain Poisson boundary fluxes are diagnostics only.,True,
1,State_1,2e+17,100000000000.0,3.0,0.05,drain,source,nan,0.001,central difference of DEVSIM gate contact charge with fixed Ntrap and adaptive bias micro-ramps,False,Qd/Qs compact-model channel-charge partition is not defined by the present conducting-contact DC model; values remain NaN. Source/drain Poisson boundary fluxes are diagnostics only.,True,
1,State_1,2e+17,100000000000.0,3.0,0.05,source,gate,-9.455013701680613e-18,0.001,central difference of DEVSIM gate contact charge with fixed Ntrap and adaptive bias micro-ramps,True,,True,
1,State_1,2e+17,100000000000.0,3.0,0.05,source,drain,nan,0.001,central difference of DEVSIM gate contact charge with fixed Ntrap and adaptive bias micro-ramps,False,Qd/Qs compact-model channel-charge partition is not defined by the present conducting-contact DC model; values remain NaN. Source/drain Poisson boundary fluxes are diagnostics only.,True,
1,State_1,2e+17,100000000000.0,3.0,0.05,source,source,nan,0.001,central difference of DEVSIM gate contact charge with fixed Ntrap and adaptive bias micro-ramps,False,Qd/Qs compact-model channel-charge partition is not defined by the present conducting-contact DC model; values remain NaN. Source/drain Poisson boundary fluxes are diagnostics only.,True,
1,State_1,2e+17,100000000000.0,3.0,0.05,gate,gate,5.141183747911039e-17,0.002,central difference of DEVSIM gate contact charge with fixed Ntrap and adaptive bias micro-ramps,True,,True,
1,State_1,2e+17,100000000000.0,3.0,0.05,gate,drain,nan,0.002,central difference of DEVSIM gate contact charge with fixed Ntrap and adaptive bias micro-ramps,False,Qd/Qs compact-model channel-charge partition is not defined by the present conducting-contact DC model; values remain NaN. Source/drain Poisson boundary fluxes are diagnostics only.,True,
1,State_1,2e+17,100000000000.0,3.0,0.05,gate,source,nan,0.002,central difference of DEVSIM gate contact charge with fixed Ntrap and adaptive bias micro-ramps,False,Qd/Qs compact-model channel-charge partition is not defined by the present conducting-contact DC model; values remain NaN. Source/drain Poisson boundary fluxes are diagnostics only.,True,
1,State_1,2e+17,100000000000.0,3.0,0.05,drain,gate,-4.1954366743075314e-17,0.002,central difference of DEVSIM gate contact charge with fixed Ntrap and adaptive bias micro-ramps,True,,True,
1,State_1,2e+17,100000000000.0,3.0,0.05,drain,drain,nan,0.002,central difference of DEVSIM gate contact charge with fixed Ntrap and adaptive bias micro-ramps,False,Qd/Qs compact-model channel-charge partition is not defined by the present conducting-contact DC model; values remain NaN. Source/drain Poisson boundary fluxes are diagnostics only.,True,
1,State_1,2e+17,100000000000.0,3.0,0.05,drain,source,nan,0.002,central difference of DEVSIM gate contact charge with fixed Ntrap and adaptive bias micro-ramps,False,Qd/Qs compact-model channel-charge partition is not defined by the present conducting-contact DC model; values remain NaN. Source/drain Poisson boundary fluxes are diagnostics only.,True,
1,State_1,2e+17,100000000000.0,3.0,0.05,source,gate,-9.45746603077252e-18,0.002,central difference of DEVSIM gate contact charge with fixed Ntrap and adaptive bias micro-ramps,True,,True,
1,State_1,2e+17,100000000000.0,3.0,0.05,source,drain,nan,0.002,central difference of DEVSIM gate contact charge with fixed Ntrap and adaptive bias micro-ramps,False,Qd/Qs compact-model channel-charge partition is not defined by the present conducting-contact DC model; values remain NaN. Source/drain Poisson boundary fluxes are diagnostics only.,True,
1,State_1,2e+17,100000000000.0,3.0,0.05,source,source,nan,0.002,central difference of DEVSIM gate contact charge with fixed Ntrap and adaptive bias micro-ramps,False,Qd/Qs compact-model channel-charge partition is not defined by the present conducting-contact DC model; values remain NaN. Source/drain Poisson boundary fluxes are diagnostics only.,True,
2,State_2,5e+17,250000000000.0,-1.0,0.05,gate,gate,4.184822750137111e-18,0.0005,central difference of DEVSIM gate contact charge with fixed Ntrap and adaptive bias micro-ramps,True,,True,
2,State_2,5e+17,250000000000.0,-1.0,0.05,gate,drain,nan,0.0005,central difference of DEVSIM gate contact charge with fixed Ntrap and adaptive bias micro-ramps,False,Qd/Qs compact-model channel-charge partition is not defined by the present conducting-contact DC model; values remain NaN. Source/drain Poisson boundary fluxes are diagnostics only.,True,
2,State_2,5e+17,250000000000.0,-1.0,0.05,gate,source,nan,0.0005,central difference of DEVSIM gate contact charge with fixed Ntrap and adaptive bias micro-ramps,False,Qd/Qs compact-model channel-charge partition is not defined by the present conducting-contact DC model; values remain NaN. Source/drain Poisson boundary fluxes are diagnostics only.,True,
2,State_2,5e+17,250000000000.0,-1.0,0.05,drain,gate,-2.0924113734047447e-18,0.0005,central difference of DEVSIM gate contact charge with fixed Ntrap and adaptive bias micro-ramps,True,,True,
2,State_2,5e+17,250000000000.0,-1.0,0.05,drain,drain,nan,0.0005,central difference of DEVSIM gate contact charge with fixed Ntrap and adaptive bias micro-ramps,False,Qd/Qs compact-model channel-charge partition is not defined by the present conducting-contact DC model; values remain NaN. Source/drain Poisson boundary fluxes are diagnostics only.,True,
2,State_2,5e+17,250000000000.0,-1.0,0.05,drain,source,nan,0.0005,central difference of DEVSIM gate contact charge with fixed Ntrap and adaptive bias micro-ramps,False,Qd/Qs compact-model channel-charge partition is not defined by the present conducting-contact DC model; values remain NaN. Source/drain Poisson boundary fluxes are diagnostics only.,True,
2,State_2,5e+17,250000000000.0,-1.0,0.05,source,gate,-2.0924113767843666e-18,0.0005,central difference of DEVSIM gate contact charge with fixed Ntrap and adaptive bias micro-ramps,True,,True,
2,State_2,5e+17,250000000000.0,-1.0,0.05,source,drain,nan,0.0005,central difference of DEVSIM gate contact charge with fixed Ntrap and adaptive bias micro-ramps,False,Qd/Qs compact-model channel-charge partition is not defined by the present conducting-contact DC model; values remain NaN. Source/drain Poisson boundary fluxes are diagnostics only.,True,
2,State_2,5e+17,250000000000.0,-1.0,0.05,source,source,nan,0.0005,central difference of DEVSIM gate contact charge with fixed Ntrap and adaptive bias micro-ramps,False,Qd/Qs compact-model channel-charge partition is not defined by the present conducting-contact DC model; values remain NaN. Source/drain Poisson boundary fluxes are diagnostics only.,True,
2,State_2,5e+17,250000000000.0,-1.0,0.05,gate,gate,4.184822750174474e-18,0.001,central difference of DEVSIM gate contact charge with fixed Ntrap and adaptive bias micro-ramps,True,,True,
2,State_2,5e+17,250000000000.0,-1.0,0.05,gate,drain,nan,0.001,central difference of DEVSIM gate contact charge with fixed Ntrap and adaptive bias micro-ramps,False,Qd/Qs compact-model channel-charge partition is not defined by the present conducting-contact DC model; values remain NaN. Source/drain Poisson boundary fluxes are diagnostics only.,True,
2,State_2,5e+17,250000000000.0,-1.0,0.05,gate,source,nan,0.001,central difference of DEVSIM gate contact charge with fixed Ntrap and adaptive bias micro-ramps,False,Qd/Qs compact-model channel-charge partition is not defined by the present conducting-contact DC model; values remain NaN. Source/drain Poisson boundary fluxes are diagnostics only.,True,
2,State_2,5e+17,250000000000.0,-1.0,0.05,drain,gate,-2.0924113733768187e-18,0.001,central difference of DEVSIM gate contact charge with fixed Ntrap and adaptive bias micro-ramps,True,,True,
2,State_2,5e+17,250000000000.0,-1.0,0.05,drain,drain,nan,0.001,central difference of DEVSIM gate contact charge with fixed Ntrap and adaptive bias micro-ramps,False,Qd/Qs compact-model channel-charge partition is not defined by the present conducting-contact DC model; values remain NaN. Source/drain Poisson boundary fluxes are diagnostics only.,True,
2,State_2,5e+17,250000000000.0,-1.0,0.05,drain,source,nan,0.001,central difference of DEVSIM gate contact charge with fixed Ntrap and adaptive bias micro-ramps,False,Qd/Qs compact-model channel-charge partition is not defined by the present conducting-contact DC model; values remain NaN. Source/drain Poisson boundary fluxes are diagnostics only.,True,
2,State_2,5e+17,250000000000.0,-1.0,0.05,source,gate,-2.0924113767999666e-18,0.001,central difference of DEVSIM gate contact charge with fixed Ntrap and adaptive bias micro-ramps,True,,True,
2,State_2,5e+17,250000000000.0,-1.0,0.05,source,drain,nan,0.001,central difference of DEVSIM gate contact charge with fixed Ntrap and adaptive bias micro-ramps,False,Qd/Qs compact-model channel-charge partition is not defined by the present conducting-contact DC model; values remain NaN. Source/drain Poisson boundary fluxes are diagnostics only.,True,
2,State_2,5e+17,250000000000.0,-1.0,0.05,source,source,nan,0.001,central difference of DEVSIM gate contact charge with fixed Ntrap and adaptive bias micro-ramps,False,Qd/Qs compact-model channel-charge partition is not defined by the present conducting-contact DC model; values remain NaN. Source/drain Poisson boundary fluxes are diagnostics only.,True,
2,State_2,5e+17,250000000000.0,-1.0,0.05,gate,gate,4.184822750172741e-18,0.002,central difference of DEVSIM gate contact charge with fixed Ntrap and adaptive bias micro-ramps,True,,True,
2,State_2,5e+17,250000000000.0,-1.0,0.05,gate,drain,nan,0.002,central difference of DEVSIM gate contact charge with fixed Ntrap and adaptive bias micro-ramps,False,Qd/Qs compact-model channel-charge partition is not defined by the present conducting-contact DC model; values remain NaN. Source/drain Poisson boundary fluxes are diagnostics only.,True,
2,State_2,5e+17,250000000000.0,-1.0,0.05,gate,source,nan,0.002,central difference of DEVSIM gate contact charge with fixed Ntrap and adaptive bias micro-ramps,False,Qd/Qs compact-model channel-charge partition is not defined by the present conducting-contact DC model; values remain NaN. Source/drain Poisson boundary fluxes are diagnostics only.,True,
2,State_2,5e+17,250000000000.0,-1.0,0.05,drain,gate,-2.092411373350337e-18,0.002,central difference of DEVSIM gate contact charge with fixed Ntrap and adaptive bias micro-ramps,True,,True,
2,State_2,5e+17,250000000000.0,-1.0,0.05,drain,drain,nan,0.002,central difference of DEVSIM gate contact charge with fixed Ntrap and adaptive bias micro-ramps,False,Qd/Qs compact-model channel-charge partition is not defined by the present conducting-contact DC model; values remain NaN. Source/drain Poisson boundary fluxes are diagnostics only.,True,
2,State_2,5e+17,250000000000.0,-1.0,0.05,drain,source,nan,0.002,central difference of DEVSIM gate contact charge with fixed Ntrap and adaptive bias micro-ramps,False,Qd/Qs compact-model channel-charge partition is not defined by the present conducting-contact DC model; values remain NaN. Source/drain Poisson boundary fluxes are diagnostics only.,True,
2,State_2,5e+17,250000000000.0,-1.0,0.05,source,gate,-2.0924113768138333e-18,0.002,central difference of DEVSIM gate contact charge with fixed Ntrap and adaptive bias micro-ramps,True,,True,
2,State_2,5e+17,250000000000.0,-1.0,0.05,source,drain,nan,0.002,central difference of DEVSIM gate contact charge with fixed Ntrap and adaptive bias micro-ramps,False,Qd/Qs compact-model channel-charge partition is not defined by the present conducting-contact DC model; values remain NaN. Source/drain Poisson boundary fluxes are diagnostics only.,True,
2,State_2,5e+17,250000000000.0,-1.0,0.05,source,source,nan,0.002,central difference of DEVSIM gate contact charge with fixed Ntrap and adaptive bias micro-ramps,False,Qd/Qs compact-model channel-charge partition is not defined by the present conducting-contact DC model; values remain NaN. Source/drain Poisson boundary fluxes are diagnostics only.,True,
2,State_2,5e+17,250000000000.0,3.0,0.05,gate,gate,5.139226801803827e-17,0.0005,central difference of DEVSIM gate contact charge with fixed Ntrap and adaptive bias micro-ramps,True,,True,
2,State_2,5e+17,250000000000.0,3.0,0.05,gate,drain,nan,0.0005,central difference of DEVSIM gate contact charge with fixed Ntrap and adaptive bias micro-ramps,False,Qd/Qs compact-model channel-charge partition is not defined by the present conducting-contact DC model; values remain NaN. Source/drain Poisson boundary fluxes are diagnostics only.,True,
2,State_2,5e+17,250000000000.0,3.0,0.05,gate,source,nan,0.0005,central difference of DEVSIM gate contact charge with fixed Ntrap and adaptive bias micro-ramps,False,Qd/Qs compact-model channel-charge partition is not defined by the present conducting-contact DC model; values remain NaN. Source/drain Poisson boundary fluxes are diagnostics only.,True,
2,State_2,5e+17,250000000000.0,3.0,0.05,drain,gate,-4.193813925976309e-17,0.0005,central difference of DEVSIM gate contact charge with fixed Ntrap and adaptive bias micro-ramps,True,,True,
2,State_2,5e+17,250000000000.0,3.0,0.05,drain,drain,nan,0.0005,central difference of DEVSIM gate contact charge with fixed Ntrap and adaptive bias micro-ramps,False,Qd/Qs compact-model channel-charge partition is not defined by the present conducting-contact DC model; values remain NaN. Source/drain Poisson boundary fluxes are diagnostics only.,True,
2,State_2,5e+17,250000000000.0,3.0,0.05,drain,source,nan,0.0005,central difference of DEVSIM gate contact charge with fixed Ntrap and adaptive bias micro-ramps,False,Qd/Qs compact-model channel-charge partition is not defined by the present conducting-contact DC model; values remain NaN. Source/drain Poisson boundary fluxes are diagnostics only.,True,
2,State_2,5e+17,250000000000.0,3.0,0.05,source,gate,-9.454128448770537e-18,0.0005,central difference of DEVSIM gate contact charge with fixed Ntrap and adaptive bias micro-ramps,True,,True,
2,State_2,5e+17,250000000000.0,3.0,0.05,source,drain,nan,0.0005,central difference of DEVSIM gate contact charge with fixed Ntrap and adaptive bias micro-ramps,False,Qd/Qs compact-model channel-charge partition is not defined by the present conducting-contact DC model; values remain NaN. Source/drain Poisson boundary fluxes are diagnostics only.,True,
2,State_2,5e+17,250000000000.0,3.0,0.05,source,source,nan,0.0005,central difference of DEVSIM gate contact charge with fixed Ntrap and adaptive bias micro-ramps,False,Qd/Qs compact-model channel-charge partition is not defined by the present conducting-contact DC model; values remain NaN. Source/drain Poisson boundary fluxes are diagnostics only.,True,
2,State_2,5e+17,250000000000.0,3.0,0.05,gate,gate,5.1392267948174776e-17,0.001,central difference of DEVSIM gate contact charge with fixed Ntrap and adaptive bias micro-ramps,True,,True,
2,State_2,5e+17,250000000000.0,3.0,0.05,gate,drain,nan,0.001,central difference of DEVSIM gate contact charge with fixed Ntrap and adaptive bias micro-ramps,False,Qd/Qs compact-model channel-charge partition is not defined by the present conducting-contact DC model; values remain NaN. Source/drain Poisson boundary fluxes are diagnostics only.,True,
2,State_2,5e+17,250000000000.0,3.0,0.05,gate,source,nan,0.001,central difference of DEVSIM gate contact charge with fixed Ntrap and adaptive bias micro-ramps,False,Qd/Qs compact-model channel-charge partition is not defined by the present conducting-contact DC model; values remain NaN. Source/drain Poisson boundary fluxes are diagnostics only.,True,
2,State_2,5e+17,250000000000.0,3.0,0.05,drain,gate,-4.193752557774782e-17,0.001,central difference of DEVSIM gate contact charge with fixed Ntrap and adaptive bias micro-ramps,True,,True,
2,State_2,5e+17,250000000000.0,3.0,0.05,drain,drain,nan,0.001,central difference of DEVSIM gate contact charge with fixed Ntrap and adaptive bias micro-ramps,False,Qd/Qs compact-model channel-charge partition is not defined by the present conducting-contact DC model; values remain NaN. Source/drain Poisson boundary fluxes are diagnostics only.,True,
2,State_2,5e+17,250000000000.0,3.0,0.05,drain,source,nan,0.001,central difference of DEVSIM gate contact charge with fixed Ntrap and adaptive bias micro-ramps,False,Qd/Qs compact-model channel-charge partition is not defined by the present conducting-contact DC model; values remain NaN. Source/drain Poisson boundary fluxes are diagnostics only.,True,
2,State_2,5e+17,250000000000.0,3.0,0.05,source,gate,-9.454741153535051e-18,0.001,central difference of DEVSIM gate contact charge with fixed Ntrap and adaptive bias micro-ramps,True,,True,
2,State_2,5e+17,250000000000.0,3.0,0.05,source,drain,nan,0.001,central difference of DEVSIM gate contact charge with fixed Ntrap and adaptive bias micro-ramps,False,Qd/Qs compact-model channel-charge partition is not defined by the present conducting-contact DC model; values remain NaN. Source/drain Poisson boundary fluxes are diagnostics only.,True,
2,State_2,5e+17,250000000000.0,3.0,0.05,source,source,nan,0.001,central difference of DEVSIM gate contact charge with fixed Ntrap and adaptive bias micro-ramps,False,Qd/Qs compact-model channel-charge partition is not defined by the present conducting-contact DC model; values remain NaN. Source/drain Poisson boundary fluxes are diagnostics only.,True,
2,State_2,5e+17,250000000000.0,3.0,0.05,gate,gate,5.1392267675087154e-17,0.002,central difference of DEVSIM gate contact charge with fixed Ntrap and adaptive bias micro-ramps,True,,True,
2,State_2,5e+17,250000000000.0,3.0,0.05,gate,drain,nan,0.002,central difference of DEVSIM gate contact charge with fixed Ntrap and adaptive bias micro-ramps,False,Qd/Qs compact-model channel-charge partition is not defined by the present conducting-contact DC model; values remain NaN. Source/drain Poisson boundary fluxes are diagnostics only.,True,
2,State_2,5e+17,250000000000.0,3.0,0.05,gate,source,nan,0.002,central difference of DEVSIM gate contact charge with fixed Ntrap and adaptive bias micro-ramps,False,Qd/Qs compact-model channel-charge partition is not defined by the present conducting-contact DC model; values remain NaN. Source/drain Poisson boundary fluxes are diagnostics only.,True,
2,State_2,5e+17,250000000000.0,3.0,0.05,drain,gate,-4.1935071135285225e-17,0.002,central difference of DEVSIM gate contact charge with fixed Ntrap and adaptive bias micro-ramps,True,,True,
2,State_2,5e+17,250000000000.0,3.0,0.05,drain,drain,nan,0.002,central difference of DEVSIM gate contact charge with fixed Ntrap and adaptive bias micro-ramps,False,Qd/Qs compact-model channel-charge partition is not defined by the present conducting-contact DC model; values remain NaN. Source/drain Poisson boundary fluxes are diagnostics only.,True,
2,State_2,5e+17,250000000000.0,3.0,0.05,drain,source,nan,0.002,central difference of DEVSIM gate contact charge with fixed Ntrap and adaptive bias micro-ramps,False,Qd/Qs compact-model channel-charge partition is not defined by the present conducting-contact DC model; values remain NaN. Source/drain Poisson boundary fluxes are diagnostics only.,True,
2,State_2,5e+17,250000000000.0,3.0,0.05,source,gate,-9.457191674983009e-18,0.002,central difference of DEVSIM gate contact charge with fixed Ntrap and adaptive bias micro-ramps,True,,True,
2,State_2,5e+17,250000000000.0,3.0,0.05,source,drain,nan,0.002,central difference of DEVSIM gate contact charge with fixed Ntrap and adaptive bias micro-ramps,False,Qd/Qs compact-model channel-charge partition is not defined by the present conducting-contact DC model; values remain NaN. Source/drain Poisson boundary fluxes are diagnostics only.,True,
2,State_2,5e+17,250000000000.0,3.0,0.05,source,source,nan,0.002,central difference of DEVSIM gate contact charge with fixed Ntrap and adaptive bias micro-ramps,False,Qd/Qs compact-model channel-charge partition is not defined by the present conducting-contact DC model; values remain NaN. Source/drain Poisson boundary fluxes are diagnostics only.,True,
3,State_3,1e+18,500000000000.0,-1.0,0.05,gate,gate,4.18482274296957e-18,0.0005,central difference of DEVSIM gate contact charge with fixed Ntrap and adaptive bias micro-ramps,True,,True,
3,State_3,1e+18,500000000000.0,-1.0,0.05,gate,drain,nan,0.0005,central difference of DEVSIM gate contact charge with fixed Ntrap and adaptive bias micro-ramps,False,Qd/Qs compact-model channel-charge partition is not defined by the present conducting-contact DC model; values remain NaN. Source/drain Poisson boundary fluxes are diagnostics only.,True,
3,State_3,1e+18,500000000000.0,-1.0,0.05,gate,source,nan,0.0005,central difference of DEVSIM gate contact charge with fixed Ntrap and adaptive bias micro-ramps,False,Qd/Qs compact-model channel-charge partition is not defined by the present conducting-contact DC model; values remain NaN. Source/drain Poisson boundary fluxes are diagnostics only.,True,
3,State_3,1e+18,500000000000.0,-1.0,0.05,drain,gate,-2.0924113700247376e-18,0.0005,central difference of DEVSIM gate contact charge with fixed Ntrap and adaptive bias micro-ramps,True,,True,
3,State_3,1e+18,500000000000.0,-1.0,0.05,drain,drain,nan,0.0005,central difference of DEVSIM gate contact charge with fixed Ntrap and adaptive bias micro-ramps,False,Qd/Qs compact-model channel-charge partition is not defined by the present conducting-contact DC model; values remain NaN. Source/drain Poisson boundary fluxes are diagnostics only.,True,
3,State_3,1e+18,500000000000.0,-1.0,0.05,drain,source,nan,0.0005,central difference of DEVSIM gate contact charge with fixed Ntrap and adaptive bias micro-ramps,False,Qd/Qs compact-model channel-charge partition is not defined by the present conducting-contact DC model; values remain NaN. Source/drain Poisson boundary fluxes are diagnostics only.,True,
3,State_3,1e+18,500000000000.0,-1.0,0.05,source,gate,-2.0924113729120918e-18,0.0005,central difference of DEVSIM gate contact charge with fixed Ntrap and adaptive bias micro-ramps,True,,True,
3,State_3,1e+18,500000000000.0,-1.0,0.05,source,drain,nan,0.0005,central difference of DEVSIM gate contact charge with fixed Ntrap and adaptive bias micro-ramps,False,Qd/Qs compact-model channel-charge partition is not defined by the present conducting-contact DC model; values remain NaN. Source/drain Poisson boundary fluxes are diagnostics only.,True,
3,State_3,1e+18,500000000000.0,-1.0,0.05,source,source,nan,0.0005,central difference of DEVSIM gate contact charge with fixed Ntrap and adaptive bias micro-ramps,False,Qd/Qs compact-model channel-charge partition is not defined by the present conducting-contact DC model; values remain NaN. Source/drain Poisson boundary fluxes are diagnostics only.,True,
3,State_3,1e+18,500000000000.0,-1.0,0.05,gate,gate,4.184822742883674e-18,0.001,central difference of DEVSIM gate contact charge with fixed Ntrap and adaptive bias micro-ramps,True,,True,
3,State_3,1e+18,500000000000.0,-1.0,0.05,gate,drain,nan,0.001,central difference of DEVSIM gate contact charge with fixed Ntrap and adaptive bias micro-ramps,False,Qd/Qs compact-model channel-charge partition is not defined by the present conducting-contact DC model; values remain NaN. Source/drain Poisson boundary fluxes are diagnostics only.,True,
3,State_3,1e+18,500000000000.0,-1.0,0.05,gate,source,nan,0.001,central difference of DEVSIM gate contact charge with fixed Ntrap and adaptive bias micro-ramps,False,Qd/Qs compact-model channel-charge partition is not defined by the present conducting-contact DC model; values remain NaN. Source/drain Poisson boundary fluxes are diagnostics only.,True,
3,State_3,1e+18,500000000000.0,-1.0,0.05,drain,gate,-2.0924113700012413e-18,0.001,central difference of DEVSIM gate contact charge with fixed Ntrap and adaptive bias micro-ramps,True,,True,
3,State_3,1e+18,500000000000.0,-1.0,0.05,drain,drain,nan,0.001,central difference of DEVSIM gate contact charge with fixed Ntrap and adaptive bias micro-ramps,False,Qd/Qs compact-model channel-charge partition is not defined by the present conducting-contact DC model; values remain NaN. Source/drain Poisson boundary fluxes are diagnostics only.,True,
3,State_3,1e+18,500000000000.0,-1.0,0.05,drain,source,nan,0.001,central difference of DEVSIM gate contact charge with fixed Ntrap and adaptive bias micro-ramps,False,Qd/Qs compact-model channel-charge partition is not defined by the present conducting-contact DC model; values remain NaN. Source/drain Poisson boundary fluxes are diagnostics only.,True,
3,State_3,1e+18,500000000000.0,-1.0,0.05,source,gate,-2.0924113728937955e-18,0.001,central difference of DEVSIM gate contact charge with fixed Ntrap and adaptive bias micro-ramps,True,,True,
3,State_3,1e+18,500000000000.0,-1.0,0.05,source,drain,nan,0.001,central difference of DEVSIM gate contact charge with fixed Ntrap and adaptive bias micro-ramps,False,Qd/Qs compact-model channel-charge partition is not defined by the present conducting-contact DC model; values remain NaN. Source/drain Poisson boundary fluxes are diagnostics only.,True,
3,State_3,1e+18,500000000000.0,-1.0,0.05,source,source,nan,0.001,central difference of DEVSIM gate contact charge with fixed Ntrap and adaptive bias micro-ramps,False,Qd/Qs compact-model channel-charge partition is not defined by the present conducting-contact DC model; values remain NaN. Source/drain Poisson boundary fluxes are diagnostics only.,True,
3,State_3,1e+18,500000000000.0,-1.0,0.05,gate,gate,4.184822742911792e-18,0.002,central difference of DEVSIM gate contact charge with fixed Ntrap and adaptive bias micro-ramps,True,,True,
3,State_3,1e+18,500000000000.0,-1.0,0.05,gate,drain,nan,0.002,central difference of DEVSIM gate contact charge with fixed Ntrap and adaptive bias micro-ramps,False,Qd/Qs compact-model channel-charge partition is not defined by the present conducting-contact DC model; values remain NaN. Source/drain Poisson boundary fluxes are diagnostics only.,True,
3,State_3,1e+18,500000000000.0,-1.0,0.05,gate,source,nan,0.002,central difference of DEVSIM gate contact charge with fixed Ntrap and adaptive bias micro-ramps,False,Qd/Qs compact-model channel-charge partition is not defined by the present conducting-contact DC model; values remain NaN. Source/drain Poisson boundary fluxes are diagnostics only.,True,
3,State_3,1e+18,500000000000.0,-1.0,0.05,drain,gate,-2.0924113700055746e-18,0.002,central difference of DEVSIM gate contact charge with fixed Ntrap and adaptive bias micro-ramps,True,,True,
3,State_3,1e+18,500000000000.0,-1.0,0.05,drain,drain,nan,0.002,central difference of DEVSIM gate contact charge with fixed Ntrap and adaptive bias micro-ramps,False,Qd/Qs compact-model channel-charge partition is not defined by the present conducting-contact DC model; values remain NaN. Source/drain Poisson boundary fluxes are diagnostics only.,True,
3,State_3,1e+18,500000000000.0,-1.0,0.05,drain,source,nan,0.002,central difference of DEVSIM gate contact charge with fixed Ntrap and adaptive bias micro-ramps,False,Qd/Qs compact-model channel-charge partition is not defined by the present conducting-contact DC model; values remain NaN. Source/drain Poisson boundary fluxes are diagnostics only.,True,
3,State_3,1e+18,500000000000.0,-1.0,0.05,source,gate,-2.0924113728889806e-18,0.002,central difference of DEVSIM gate contact charge with fixed Ntrap and adaptive bias micro-ramps,True,,True,
3,State_3,1e+18,500000000000.0,-1.0,0.05,source,drain,nan,0.002,central difference of DEVSIM gate contact charge with fixed Ntrap and adaptive bias micro-ramps,False,Qd/Qs compact-model channel-charge partition is not defined by the present conducting-contact DC model; values remain NaN. Source/drain Poisson boundary fluxes are diagnostics only.,True,
3,State_3,1e+18,500000000000.0,-1.0,0.05,source,source,nan,0.002,central difference of DEVSIM gate contact charge with fixed Ntrap and adaptive bias micro-ramps,False,Qd/Qs compact-model channel-charge partition is not defined by the present conducting-contact DC model; values remain NaN. Source/drain Poisson boundary fluxes are diagnostics only.,True,
3,State_3,1e+18,500000000000.0,3.0,0.05,gate,gate,5.1358167496033454e-17,0.0005,central difference of DEVSIM gate contact charge with fixed Ntrap and adaptive bias micro-ramps,True,,True,
3,State_3,1e+18,500000000000.0,3.0,0.05,gate,drain,nan,0.0005,central difference of DEVSIM gate contact charge with fixed Ntrap and adaptive bias micro-ramps,False,Qd/Qs compact-model channel-charge partition is not defined by the present conducting-contact DC model; values remain NaN. Source/drain Poisson boundary fluxes are diagnostics only.,True,
3,State_3,1e+18,500000000000.0,3.0,0.05,gate,source,nan,0.0005,central difference of DEVSIM gate contact charge with fixed Ntrap and adaptive bias micro-ramps,False,Qd/Qs compact-model channel-charge partition is not defined by the present conducting-contact DC model; values remain NaN. Source/drain Poisson boundary fluxes are diagnostics only.,True,
3,State_3,1e+18,500000000000.0,3.0,0.05,drain,gate,-4.190455236676999e-17,0.0005,central difference of DEVSIM gate contact charge with fixed Ntrap and adaptive bias micro-ramps,True,,True,
3,State_3,1e+18,500000000000.0,3.0,0.05,drain,drain,nan,0.0005,central difference of DEVSIM gate contact charge with fixed Ntrap and adaptive bias micro-ramps,False,Qd/Qs compact-model channel-charge partition is not defined by the present conducting-contact DC model; values remain NaN. Source/drain Poisson boundary fluxes are diagnostics only.,True,
3,State_3,1e+18,500000000000.0,3.0,0.05,drain,source,nan,0.0005,central difference of DEVSIM gate contact charge with fixed Ntrap and adaptive bias micro-ramps,False,Qd/Qs compact-model channel-charge partition is not defined by the present conducting-contact DC model; values remain NaN. Source/drain Poisson boundary fluxes are diagnostics only.,True,
3,State_3,1e+18,500000000000.0,3.0,0.05,source,gate,-9.453614792764984e-18,0.0005,central difference of DEVSIM gate contact charge with fixed Ntrap and adaptive bias micro-ramps,True,,True,
3,State_3,1e+18,500000000000.0,3.0,0.05,source,drain,nan,0.0005,central difference of DEVSIM gate contact charge with fixed Ntrap and adaptive bias micro-ramps,False,Qd/Qs compact-model channel-charge partition is not defined by the present conducting-contact DC model; values remain NaN. Source/drain Poisson boundary fluxes are diagnostics only.,True,
3,State_3,1e+18,500000000000.0,3.0,0.05,source,source,nan,0.0005,central difference of DEVSIM gate contact charge with fixed Ntrap and adaptive bias micro-ramps,False,Qd/Qs compact-model channel-charge partition is not defined by the present conducting-contact DC model; values remain NaN. Source/drain Poisson boundary fluxes are diagnostics only.,True,
3,State_3,1e+18,500000000000.0,3.0,0.05,gate,gate,5.13581674199207e-17,0.001,central difference of DEVSIM gate contact charge with fixed Ntrap and adaptive bias micro-ramps,True,,True,
3,State_3,1e+18,500000000000.0,3.0,0.05,gate,drain,nan,0.001,central difference of DEVSIM gate contact charge with fixed Ntrap and adaptive bias micro-ramps,False,Qd/Qs compact-model channel-charge partition is not defined by the present conducting-contact DC model; values remain NaN. Source/drain Poisson boundary fluxes are diagnostics only.,True,
3,State_3,1e+18,500000000000.0,3.0,0.05,gate,source,nan,0.001,central difference of DEVSIM gate contact charge with fixed Ntrap and adaptive bias micro-ramps,False,Qd/Qs compact-model channel-charge partition is not defined by the present conducting-contact DC model; values remain NaN. Source/drain Poisson boundary fluxes are diagnostics only.,True,
3,State_3,1e+18,500000000000.0,3.0,0.05,drain,gate,-4.190393940922486e-17,0.001,central difference of DEVSIM gate contact charge with fixed Ntrap and adaptive bias micro-ramps,True,,True,
3,State_3,1e+18,500000000000.0,3.0,0.05,drain,drain,nan,0.001,central difference of DEVSIM gate contact charge with fixed Ntrap and adaptive bias micro-ramps,False,Qd/Qs compact-model channel-charge partition is not defined by the present conducting-contact DC model; values remain NaN. Source/drain Poisson boundary fluxes are diagnostics only.,True,
3,State_3,1e+18,500000000000.0,3.0,0.05,drain,source,nan,0.001,central difference of DEVSIM gate contact charge with fixed Ntrap and adaptive bias micro-ramps,False,Qd/Qs compact-model channel-charge partition is not defined by the present conducting-contact DC model; values remain NaN. Source/drain Poisson boundary fluxes are diagnostics only.,True,
3,State_3,1e+18,500000000000.0,3.0,0.05,source,gate,-9.454226726294704e-18,0.001,central difference of DEVSIM gate contact charge with fixed Ntrap and adaptive bias micro-ramps,True,,True,
3,State_3,1e+18,500000000000.0,3.0,0.05,source,drain,nan,0.001,central difference of DEVSIM gate contact charge with fixed Ntrap and adaptive bias micro-ramps,False,Qd/Qs compact-model channel-charge partition is not defined by the present conducting-contact DC model; values remain NaN. Source/drain Poisson boundary fluxes are diagnostics only.,True,
3,State_3,1e+18,500000000000.0,3.0,0.05,source,source,nan,0.001,central difference of DEVSIM gate contact charge with fixed Ntrap and adaptive bias micro-ramps,False,Qd/Qs compact-model channel-charge partition is not defined by the present conducting-contact DC model; values remain NaN. Source/drain Poisson boundary fluxes are diagnostics only.,True,
3,State_3,1e+18,500000000000.0,3.0,0.05,gate,gate,5.1358167125484533e-17,0.002,central difference of DEVSIM gate contact charge with fixed Ntrap and adaptive bias micro-ramps,True,,True,
3,State_3,1e+18,500000000000.0,3.0,0.05,gate,drain,nan,0.002,central difference of DEVSIM gate contact charge with fixed Ntrap and adaptive bias micro-ramps,False,Qd/Qs compact-model channel-charge partition is not defined by the present conducting-contact DC model; values remain NaN. Source/drain Poisson boundary fluxes are diagnostics only.,True,
3,State_3,1e+18,500000000000.0,3.0,0.05,gate,source,nan,0.002,central difference of DEVSIM gate contact charge with fixed Ntrap and adaptive bias micro-ramps,False,Qd/Qs compact-model channel-charge partition is not defined by the present conducting-contact DC model; values remain NaN. Source/drain Poisson boundary fluxes are diagnostics only.,True,
3,State_3,1e+18,500000000000.0,3.0,0.05,drain,gate,-4.190148787759737e-17,0.002,central difference of DEVSIM gate contact charge with fixed Ntrap and adaptive bias micro-ramps,True,,True,
3,State_3,1e+18,500000000000.0,3.0,0.05,drain,drain,nan,0.002,central difference of DEVSIM gate contact charge with fixed Ntrap and adaptive bias micro-ramps,False,Qd/Qs compact-model channel-charge partition is not defined by the present conducting-contact DC model; values remain NaN. Source/drain Poisson boundary fluxes are diagnostics only.,True,
3,State_3,1e+18,500000000000.0,3.0,0.05,drain,source,nan,0.002,central difference of DEVSIM gate contact charge with fixed Ntrap and adaptive bias micro-ramps,False,Qd/Qs compact-model channel-charge partition is not defined by the present conducting-contact DC model; values remain NaN. Source/drain Poisson boundary fluxes are diagnostics only.,True,
3,State_3,1e+18,500000000000.0,3.0,0.05,source,gate,-9.456674100119857e-18,0.002,central difference of DEVSIM gate contact charge with fixed Ntrap and adaptive bias micro-ramps,True,,True,
3,State_3,1e+18,500000000000.0,3.0,0.05,source,drain,nan,0.002,central difference of DEVSIM gate contact charge with fixed Ntrap and adaptive bias micro-ramps,False,Qd/Qs compact-model channel-charge partition is not defined by the present conducting-contact DC model; values remain NaN. Source/drain Poisson boundary fluxes are diagnostics only.,True,
3,State_3,1e+18,500000000000.0,3.0,0.05,source,source,nan,0.002,central difference of DEVSIM gate contact charge with fixed Ntrap and adaptive bias micro-ramps,False,Qd/Qs compact-model channel-charge partition is not defined by the present conducting-contact DC model; values remain NaN. Source/drain Poisson boundary fluxes are diagnostics only.,True,
4,State_4_Programmed,2e+18,1000000000000.0,-1.0,0.05,gate,gate,4.184822731665517e-18,0.0005,central difference of DEVSIM gate contact charge with fixed Ntrap and adaptive bias micro-ramps,True,,True,
4,State_4_Programmed,2e+18,1000000000000.0,-1.0,0.05,gate,drain,nan,0.0005,central difference of DEVSIM gate contact charge with fixed Ntrap and adaptive bias micro-ramps,False,Qd/Qs compact-model channel-charge partition is not defined by the present conducting-contact DC model; values remain NaN. Source/drain Poisson boundary fluxes are diagnostics only.,True,
4,State_4_Programmed,2e+18,1000000000000.0,-1.0,0.05,gate,source,nan,0.0005,central difference of DEVSIM gate contact charge with fixed Ntrap and adaptive bias micro-ramps,False,Qd/Qs compact-model channel-charge partition is not defined by the present conducting-contact DC model; values remain NaN. Source/drain Poisson boundary fluxes are diagnostics only.,True,
4,State_4_Programmed,2e+18,1000000000000.0,-1.0,0.05,drain,gate,-2.09241136475886e-18,0.0005,central difference of DEVSIM gate contact charge with fixed Ntrap and adaptive bias micro-ramps,True,,True,
4,State_4_Programmed,2e+18,1000000000000.0,-1.0,0.05,drain,drain,nan,0.0005,central difference of DEVSIM gate contact charge with fixed Ntrap and adaptive bias micro-ramps,False,Qd/Qs compact-model channel-charge partition is not defined by the present conducting-contact DC model; values remain NaN. Source/drain Poisson boundary fluxes are diagnostics only.,True,
4,State_4_Programmed,2e+18,1000000000000.0,-1.0,0.05,drain,source,nan,0.0005,central difference of DEVSIM gate contact charge with fixed Ntrap and adaptive bias micro-ramps,False,Qd/Qs compact-model channel-charge partition is not defined by the present conducting-contact DC model; values remain NaN. Source/drain Poisson boundary fluxes are diagnostics only.,True,
4,State_4_Programmed,2e+18,1000000000000.0,-1.0,0.05,source,gate,-2.0924113668327013e-18,0.0005,central difference of DEVSIM gate contact charge with fixed Ntrap and adaptive bias micro-ramps,True,,True,
4,State_4_Programmed,2e+18,1000000000000.0,-1.0,0.05,source,drain,nan,0.0005,central difference of DEVSIM gate contact charge with fixed Ntrap and adaptive bias micro-ramps,False,Qd/Qs compact-model channel-charge partition is not defined by the present conducting-contact DC model; values remain NaN. Source/drain Poisson boundary fluxes are diagnostics only.,True,
4,State_4_Programmed,2e+18,1000000000000.0,-1.0,0.05,source,source,nan,0.0005,central difference of DEVSIM gate contact charge with fixed Ntrap and adaptive bias micro-ramps,False,Qd/Qs compact-model channel-charge partition is not defined by the present conducting-contact DC model; values remain NaN. Source/drain Poisson boundary fluxes are diagnostics only.,True,
4,State_4_Programmed,2e+18,1000000000000.0,-1.0,0.05,gate,gate,4.184822731704806e-18,0.001,central difference of DEVSIM gate contact charge with fixed Ntrap and adaptive bias micro-ramps,True,,True,
4,State_4_Programmed,2e+18,1000000000000.0,-1.0,0.05,gate,drain,nan,0.001,central difference of DEVSIM gate contact charge with fixed Ntrap and adaptive bias micro-ramps,False,Qd/Qs compact-model channel-charge partition is not defined by the present conducting-contact DC model; values remain NaN. Source/drain Poisson boundary fluxes are diagnostics only.,True,
4,State_4_Programmed,2e+18,1000000000000.0,-1.0,0.05,gate,source,nan,0.001,central difference of DEVSIM gate contact charge with fixed Ntrap and adaptive bias micro-ramps,False,Qd/Qs compact-model channel-charge partition is not defined by the present conducting-contact DC model; values remain NaN. Source/drain Poisson boundary fluxes are diagnostics only.,True,
4,State_4_Programmed,2e+18,1000000000000.0,-1.0,0.05,drain,gate,-2.092411364783512e-18,0.001,central difference of DEVSIM gate contact charge with fixed Ntrap and adaptive bias micro-ramps,True,,True,
4,State_4_Programmed,2e+18,1000000000000.0,-1.0,0.05,drain,drain,nan,0.001,central difference of DEVSIM gate contact charge with fixed Ntrap and adaptive bias micro-ramps,False,Qd/Qs compact-model channel-charge partition is not defined by the present conducting-contact DC model; values remain NaN. Source/drain Poisson boundary fluxes are diagnostics only.,True,
4,State_4_Programmed,2e+18,1000000000000.0,-1.0,0.05,drain,source,nan,0.001,central difference of DEVSIM gate contact charge with fixed Ntrap and adaptive bias micro-ramps,False,Qd/Qs compact-model channel-charge partition is not defined by the present conducting-contact DC model; values remain NaN. Source/drain Poisson boundary fluxes are diagnostics only.,True,
4,State_4_Programmed,2e+18,1000000000000.0,-1.0,0.05,source,gate,-2.0924113668473384e-18,0.001,central difference of DEVSIM gate contact charge with fixed Ntrap and adaptive bias micro-ramps,True,,True,
4,State_4_Programmed,2e+18,1000000000000.0,-1.0,0.05,source,drain,nan,0.001,central difference of DEVSIM gate contact charge with fixed Ntrap and adaptive bias micro-ramps,False,Qd/Qs compact-model channel-charge partition is not defined by the present conducting-contact DC model; values remain NaN. Source/drain Poisson boundary fluxes are diagnostics only.,True,
4,State_4_Programmed,2e+18,1000000000000.0,-1.0,0.05,source,source,nan,0.001,central difference of DEVSIM gate contact charge with fixed Ntrap and adaptive bias micro-ramps,False,Qd/Qs compact-model channel-charge partition is not defined by the present conducting-contact DC model; values remain NaN. Source/drain Poisson boundary fluxes are diagnostics only.,True,
4,State_4_Programmed,2e+18,1000000000000.0,-1.0,0.05,gate,gate,4.184822731655887e-18,0.002,central difference of DEVSIM gate contact charge with fixed Ntrap and adaptive bias micro-ramps,True,,True,
4,State_4_Programmed,2e+18,1000000000000.0,-1.0,0.05,gate,drain,nan,0.002,central difference of DEVSIM gate contact charge with fixed Ntrap and adaptive bias micro-ramps,False,Qd/Qs compact-model channel-charge partition is not defined by the present conducting-contact DC model; values remain NaN. Source/drain Poisson boundary fluxes are diagnostics only.,True,
4,State_4_Programmed,2e+18,1000000000000.0,-1.0,0.05,gate,source,nan,0.002,central difference of DEVSIM gate contact charge with fixed Ntrap and adaptive bias micro-ramps,False,Qd/Qs compact-model channel-charge partition is not defined by the present conducting-contact DC model; values remain NaN. Source/drain Poisson boundary fluxes are diagnostics only.,True,
4,State_4_Programmed,2e+18,1000000000000.0,-1.0,0.05,drain,gate,-2.092411364810475e-18,0.002,central difference of DEVSIM gate contact charge with fixed Ntrap and adaptive bias micro-ramps,True,,True,
4,State_4_Programmed,2e+18,1000000000000.0,-1.0,0.05,drain,drain,nan,0.002,central difference of DEVSIM gate contact charge with fixed Ntrap and adaptive bias micro-ramps,False,Qd/Qs compact-model channel-charge partition is not defined by the present conducting-contact DC model; values remain NaN. Source/drain Poisson boundary fluxes are diagnostics only.,True,
4,State_4_Programmed,2e+18,1000000000000.0,-1.0,0.05,drain,source,nan,0.002,central difference of DEVSIM gate contact charge with fixed Ntrap and adaptive bias micro-ramps,False,Qd/Qs compact-model channel-charge partition is not defined by the present conducting-contact DC model; values remain NaN. Source/drain Poisson boundary fluxes are diagnostics only.,True,
4,State_4_Programmed,2e+18,1000000000000.0,-1.0,0.05,source,gate,-2.092411366852346e-18,0.002,central difference of DEVSIM gate contact charge with fixed Ntrap and adaptive bias micro-ramps,True,,True,
4,State_4_Programmed,2e+18,1000000000000.0,-1.0,0.05,source,drain,nan,0.002,central difference of DEVSIM gate contact charge with fixed Ntrap and adaptive bias micro-ramps,False,Qd/Qs compact-model channel-charge partition is not defined by the present conducting-contact DC model; values remain NaN. Source/drain Poisson boundary fluxes are diagnostics only.,True,
4,State_4_Programmed,2e+18,1000000000000.0,-1.0,0.05,source,source,nan,0.002,central difference of DEVSIM gate contact charge with fixed Ntrap and adaptive bias micro-ramps,False,Qd/Qs compact-model channel-charge partition is not defined by the present conducting-contact DC model; values remain NaN. Source/drain Poisson boundary fluxes are diagnostics only.,True,
4,State_4_Programmed,2e+18,1000000000000.0,3.0,0.05,gate,gate,5.1283841210056635e-17,0.0005,central difference of DEVSIM gate contact charge with fixed Ntrap and adaptive bias micro-ramps,True,,True,
4,State_4_Programmed,2e+18,1000000000000.0,3.0,0.05,gate,drain,nan,0.0005,central difference of DEVSIM gate contact charge with fixed Ntrap and adaptive bias micro-ramps,False,Qd/Qs compact-model channel-charge partition is not defined by the present conducting-contact DC model; values remain NaN. Source/drain Poisson boundary fluxes are diagnostics only.,True,
4,State_4_Programmed,2e+18,1000000000000.0,3.0,0.05,gate,source,nan,0.0005,central difference of DEVSIM gate contact charge with fixed Ntrap and adaptive bias micro-ramps,False,Qd/Qs compact-model channel-charge partition is not defined by the present conducting-contact DC model; values remain NaN. Source/drain Poisson boundary fluxes are diagnostics only.,True,
4,State_4_Programmed,2e+18,1000000000000.0,3.0,0.05,drain,gate,-4.183150665790445e-17,0.0005,central difference of DEVSIM gate contact charge with fixed Ntrap and adaptive bias micro-ramps,True,,True,
4,State_4_Programmed,2e+18,1000000000000.0,3.0,0.05,drain,drain,nan,0.0005,central difference of DEVSIM gate contact charge with fixed Ntrap and adaptive bias micro-ramps,False,Qd/Qs compact-model channel-charge partition is not defined by the present conducting-contact DC model; values remain NaN. Source/drain Poisson boundary fluxes are diagnostics only.,True,
4,State_4_Programmed,2e+18,1000000000000.0,3.0,0.05,drain,source,nan,0.0005,central difference of DEVSIM gate contact charge with fixed Ntrap and adaptive bias micro-ramps,False,Qd/Qs compact-model channel-charge partition is not defined by the present conducting-contact DC model; values remain NaN. Source/drain Poisson boundary fluxes are diagnostics only.,True,
4,State_4_Programmed,2e+18,1000000000000.0,3.0,0.05,source,gate,-9.452334194477721e-18,0.0005,central difference of DEVSIM gate contact charge with fixed Ntrap and adaptive bias micro-ramps,True,,True,
4,State_4_Programmed,2e+18,1000000000000.0,3.0,0.05,source,drain,nan,0.0005,central difference of DEVSIM gate contact charge with fixed Ntrap and adaptive bias micro-ramps,False,Qd/Qs compact-model channel-charge partition is not defined by the present conducting-contact DC model; values remain NaN. Source/drain Poisson boundary fluxes are diagnostics only.,True,
4,State_4_Programmed,2e+18,1000000000000.0,3.0,0.05,source,source,nan,0.0005,central difference of DEVSIM gate contact charge with fixed Ntrap and adaptive bias micro-ramps,False,Qd/Qs compact-model channel-charge partition is not defined by the present conducting-contact DC model; values remain NaN. Source/drain Poisson boundary fluxes are diagnostics only.,True,
4,State_4_Programmed,2e+18,1000000000000.0,3.0,0.05,gate,gate,5.128384112239447e-17,0.001,central difference of DEVSIM gate contact charge with fixed Ntrap and adaptive bias micro-ramps,True,,True,
4,State_4_Programmed,2e+18,1000000000000.0,3.0,0.05,gate,drain,nan,0.001,central difference of DEVSIM gate contact charge with fixed Ntrap and adaptive bias micro-ramps,False,Qd/Qs compact-model channel-charge partition is not defined by the present conducting-contact DC model; values remain NaN. Source/drain Poisson boundary fluxes are diagnostics only.,True,
4,State_4_Programmed,2e+18,1000000000000.0,3.0,0.05,gate,source,nan,0.001,central difference of DEVSIM gate contact charge with fixed Ntrap and adaptive bias micro-ramps,False,Qd/Qs compact-model channel-charge partition is not defined by the present conducting-contact DC model; values remain NaN. Source/drain Poisson boundary fluxes are diagnostics only.,True,
4,State_4_Programmed,2e+18,1000000000000.0,3.0,0.05,drain,gate,-4.183089526257508e-17,0.001,central difference of DEVSIM gate contact charge with fixed Ntrap and adaptive bias micro-ramps,True,,True,
4,State_4_Programmed,2e+18,1000000000000.0,3.0,0.05,drain,drain,nan,0.001,central difference of DEVSIM gate contact charge with fixed Ntrap and adaptive bias micro-ramps,False,Qd/Qs compact-model channel-charge partition is not defined by the present conducting-contact DC model; values remain NaN. Source/drain Poisson boundary fluxes are diagnostics only.,True,
4,State_4_Programmed,2e+18,1000000000000.0,3.0,0.05,drain,source,nan,0.001,central difference of DEVSIM gate contact charge with fixed Ntrap and adaptive bias micro-ramps,False,Qd/Qs compact-model channel-charge partition is not defined by the present conducting-contact DC model; values remain NaN. Source/drain Poisson boundary fluxes are diagnostics only.,True,
4,State_4_Programmed,2e+18,1000000000000.0,3.0,0.05,source,gate,-9.452944415673913e-18,0.001,central difference of DEVSIM gate contact charge with fixed Ntrap and adaptive bias micro-ramps,True,,True,
4,State_4_Programmed,2e+18,1000000000000.0,3.0,0.05,source,drain,nan,0.001,central difference of DEVSIM gate contact charge with fixed Ntrap and adaptive bias micro-ramps,False,Qd/Qs compact-model channel-charge partition is not defined by the present conducting-contact DC model; values remain NaN. Source/drain Poisson boundary fluxes are diagnostics only.,True,
4,State_4_Programmed,2e+18,1000000000000.0,3.0,0.05,source,source,nan,0.001,central difference of DEVSIM gate contact charge with fixed Ntrap and adaptive bias micro-ramps,False,Qd/Qs compact-model channel-charge partition is not defined by the present conducting-contact DC model; values remain NaN. Source/drain Poisson boundary fluxes are diagnostics only.,True,
4,State_4_Programmed,2e+18,1000000000000.0,3.0,0.05,gate,gate,5.1283840772140225e-17,0.002,central difference of DEVSIM gate contact charge with fixed Ntrap and adaptive bias micro-ramps,True,,True,
4,State_4_Programmed,2e+18,1000000000000.0,3.0,0.05,gate,drain,nan,0.002,central difference of DEVSIM gate contact charge with fixed Ntrap and adaptive bias micro-ramps,False,Qd/Qs compact-model channel-charge partition is not defined by the present conducting-contact DC model; values remain NaN. Source/drain Poisson boundary fluxes are diagnostics only.,True,
4,State_4_Programmed,2e+18,1000000000000.0,3.0,0.05,gate,source,nan,0.002,central difference of DEVSIM gate contact charge with fixed Ntrap and adaptive bias micro-ramps,False,Qd/Qs compact-model channel-charge partition is not defined by the present conducting-contact DC model; values remain NaN. Source/drain Poisson boundary fluxes are diagnostics only.,True,
4,State_4_Programmed,2e+18,1000000000000.0,3.0,0.05,drain,gate,-4.1828450002502725e-17,0.002,central difference of DEVSIM gate contact charge with fixed Ntrap and adaptive bias micro-ramps,True,,True,
4,State_4_Programmed,2e+18,1000000000000.0,3.0,0.05,drain,drain,nan,0.002,central difference of DEVSIM gate contact charge with fixed Ntrap and adaptive bias micro-ramps,False,Qd/Qs compact-model channel-charge partition is not defined by the present conducting-contact DC model; values remain NaN. Source/drain Poisson boundary fluxes are diagnostics only.,True,
4,State_4_Programmed,2e+18,1000000000000.0,3.0,0.05,drain,source,nan,0.002,central difference of DEVSIM gate contact charge with fixed Ntrap and adaptive bias micro-ramps,False,Qd/Qs compact-model channel-charge partition is not defined by the present conducting-contact DC model; values remain NaN. Source/drain Poisson boundary fluxes are diagnostics only.,True,
4,State_4_Programmed,2e+18,1000000000000.0,3.0,0.05,source,gate,-9.455384987515095e-18,0.002,central difference of DEVSIM gate contact charge with fixed Ntrap and adaptive bias micro-ramps,True,,True,
4,State_4_Programmed,2e+18,1000000000000.0,3.0,0.05,source,drain,nan,0.002,central difference of DEVSIM gate contact charge with fixed Ntrap and adaptive bias micro-ramps,False,Qd/Qs compact-model channel-charge partition is not defined by the present conducting-contact DC model; values remain NaN. Source/drain Poisson boundary fluxes are diagnostics only.,True,
4,State_4_Programmed,2e+18,1000000000000.0,3.0,0.05,source,source,nan,0.002,central difference of DEVSIM gate contact charge with fixed Ntrap and adaptive bias micro-ramps,False,Qd/Qs compact-model channel-charge partition is not defined by the present conducting-contact DC model; values remain NaN. Source/drain Poisson boundary fluxes are diagnostics only.,True,
