state_index,state,ntrap_cm3,nsheet_cm2,trap_charge_density_C_cm3,VGS_V,VDS_V,ID_A,abs_ID_A,converged,error_message
0,State_0_Empty,0.0,0.0,-0.0,0.0,0.0,-3.0593863284656066e-22,3.0593863284656066e-22,True,
0,State_0_Empty,0.0,0.0,-0.0,0.0,0.01,2.027385749392173e-20,2.027385749392173e-20,True,
0,State_0_Empty,0.0,0.0,-0.0,0.0,0.02,3.480681918267016e-20,3.480681918267016e-20,True,
0,State_0_Empty,0.0,0.0,-0.0,0.0,0.03,4.3188692425730523e-20,4.3188692425730523e-20,True,
0,State_0_Empty,0.0,0.0,-0.0,0.0,0.04,5.049763657701122e-20,5.049763657701122e-20,True,
0,State_0_Empty,0.0,0.0,-0.0,0.0,0.05,5.465983990303913e-20,5.465983990303913e-20,True,
0,State_0_Empty,0.0,0.0,-0.0,0.0,0.06,5.770838903584063e-20,5.770838903584063e-20,True,
0,State_0_Empty,0.0,0.0,-0.0,0.0,0.07,5.976658240405043e-20,5.976658240405043e-20,True,
0,State_0_Empty,0.0,0.0,-0.0,0.0,0.08,6.192764762962373e-20,6.192764762962373e-20,True,
0,State_0_Empty,0.0,0.0,-0.0,0.0,0.09,6.295733921759969e-20,6.295733921759969e-20,True,
0,State_0_Empty,0.0,0.0,-0.0,0.0,0.1,6.443166612904944e-20,6.443166612904944e-20,True,
0,State_0_Empty,0.0,0.0,-0.0,0.5,0.0,5.154018683234182e-22,5.154018683234182e-22,True,
0,State_0_Empty,0.0,0.0,-0.0,0.5,0.01,2.835357126625193e-12,2.835357126625193e-12,True,
0,State_0_Empty,0.0,0.0,-0.0,0.5,0.02,4.813831682495398e-12,4.813831682495398e-12,True,
0,State_0_Empty,0.0,0.0,-0.0,0.5,0.03,6.1992146897098345e-12,6.1992146897098345e-12,True,
0,State_0_Empty,0.0,0.0,-0.0,0.5,0.04,7.174612303116975e-12,7.174612303116975e-12,True,
0,State_0_Empty,0.0,0.0,-0.0,0.5,0.05,7.866807371163353e-12,7.866807371163353e-12,True,
0,State_0_Empty,0.0,0.0,-0.0,0.5,0.06,8.363416469654458e-12,8.363416469654458e-12,True,
0,State_0_Empty,0.0,0.0,-0.0,0.5,0.07,8.724901624316295e-12,8.724901624316295e-12,True,
0,State_0_Empty,0.0,0.0,-0.0,0.5,0.08,8.99294185171537e-12,8.99294185171537e-12,True,
0,State_0_Empty,0.0,0.0,-0.0,0.5,0.09,9.196247383173703e-12,9.196247383173703e-12,True,
0,State_0_Empty,0.0,0.0,-0.0,0.5,0.1,9.354586821769832e-12,9.354586821769832e-12,True,
0,State_0_Empty,0.0,0.0,-0.0,1.0,0.0,-9.0108143151277e-22,9.0108143151277e-22,True,
0,State_0_Empty,0.0,0.0,-0.0,1.0,0.01,1.6563944586282234e-09,1.6563944586282234e-09,True,
0,State_0_Empty,0.0,0.0,-0.0,1.0,0.02,3.227466866407207e-09,3.227466866407207e-09,True,
0,State_0_Empty,0.0,0.0,-0.0,1.0,0.03,4.658145112104817e-09,4.658145112104817e-09,True,
0,State_0_Empty,0.0,0.0,-0.0,1.0,0.04,5.915455842954901e-09,5.915455842954901e-09,True,
0,State_0_Empty,0.0,0.0,-0.0,1.0,0.05,6.989300935162695e-09,6.989300935162695e-09,True,
0,State_0_Empty,0.0,0.0,-0.0,1.0,0.06,7.88787117881017e-09,7.88787117881017e-09,True,
0,State_0_Empty,0.0,0.0,-0.0,1.0,0.07,8.630765594185284e-09,8.630765594185284e-09,True,
0,State_0_Empty,0.0,0.0,-0.0,1.0,0.08,9.242505365346807e-09,9.242505365346807e-09,True,
0,State_0_Empty,0.0,0.0,-0.0,1.0,0.09,9.747830873169947e-09,9.747830873169947e-09,True,
0,State_0_Empty,0.0,0.0,-0.0,1.0,0.1,1.016899064739727e-08,1.016899064739727e-08,True,
0,State_0_Empty,0.0,0.0,-0.0,1.5,0.0,-3.599385198910223e-21,3.599385198910223e-21,True,
0,State_0_Empty,0.0,0.0,-0.0,1.5,0.01,2.0812858338137553e-09,2.0812858338137553e-09,True,
0,State_0_Empty,0.0,0.0,-0.0,1.5,0.02,4.068197752107993e-09,4.068197752107993e-09,True,
0,State_0_Empty,0.0,0.0,-0.0,1.5,0.03,5.888717400503404e-09,5.888717400503404e-09,True,
0,State_0_Empty,0.0,0.0,-0.0,1.5,0.04,7.499804261900843e-09,7.499804261900843e-09,True,
0,State_0_Empty,0.0,0.0,-0.0,1.5,0.05,8.888459889079435e-09,8.888459889079435e-09,True,
0,State_0_Empty,0.0,0.0,-0.0,1.5,0.06,1.0065378134507549e-08,1.0065378134507549e-08,True,
0,State_0_Empty,0.0,0.0,-0.0,1.5,0.07,1.1055653488791918e-08,1.1055653488791918e-08,True,
0,State_0_Empty,0.0,0.0,-0.0,1.5,0.08,1.1890272409175944e-08,1.1890272409175944e-08,True,
0,State_0_Empty,0.0,0.0,-0.0,1.5,0.09,1.2600143551108777e-08,1.2600143551108777e-08,True,
0,State_0_Empty,0.0,0.0,-0.0,1.5,0.1,1.3212792360963647e-08,1.3212792360963647e-08,True,
0,State_0_Empty,0.0,0.0,-0.0,2.0,0.0,8.429271364970458e-21,8.429271364970458e-21,True,
0,State_0_Empty,0.0,0.0,-0.0,2.0,0.01,2.214175636019623e-09,2.214175636019623e-09,True,
0,State_0_Empty,0.0,0.0,-0.0,2.0,0.02,4.329472784528708e-09,4.329472784528708e-09,True,
0,State_0_Empty,0.0,0.0,-0.0,2.0,0.03,6.268459554668734e-09,6.268459554668734e-09,True,
0,State_0_Empty,0.0,0.0,-0.0,2.0,0.04,7.98522096258557e-09,7.98522096258557e-09,True,
0,State_0_Empty,0.0,0.0,-0.0,2.0,0.05,9.466378334465268e-09,9.466378334465268e-09,True,
0,State_0_Empty,0.0,0.0,-0.0,2.0,0.06,1.0724006205944683e-08,1.0724006205944683e-08,True,
0,State_0_Empty,0.0,0.0,-0.0,2.0,0.07,1.1785456365828574e-08,1.1785456365828574e-08,True,
0,State_0_Empty,0.0,0.0,-0.0,2.0,0.08,1.2684164285651453e-08,1.2684164285651453e-08,True,
0,State_0_Empty,0.0,0.0,-0.0,2.0,0.09,1.3453285788838413e-08,1.3453285788838413e-08,True,
0,State_0_Empty,0.0,0.0,-0.0,2.0,0.1,1.4122231351983009e-08,1.4122231351983009e-08,True,
0,State_0_Empty,0.0,0.0,-0.0,2.5,0.0,-7.794321877689331e-20,7.794321877689331e-20,True,
0,State_0_Empty,0.0,0.0,-0.0,2.5,0.01,2.2761411885649315e-09,2.2761411885649315e-09,True,
0,State_0_Empty,0.0,0.0,-0.0,2.5,0.02,4.450577746591139e-09,4.450577746591139e-09,True,
0,State_0_Empty,0.0,0.0,-0.0,2.5,0.03,6.443129031566191e-09,6.443129031566191e-09,True,
0,State_0_Empty,0.0,0.0,-0.0,2.5,0.04,8.206469674214999e-09,8.206469674214999e-09,True,
0,State_0_Empty,0.0,0.0,-0.0,2.5,0.05,9.727096936005302e-09,9.727096936005302e-09,True,
0,State_0_Empty,0.0,0.0,-0.0,2.5,0.06,1.1017844411493626e-08,1.1017844411493626e-08,True,
0,State_0_Empty,0.0,0.0,-0.0,2.5,0.07,1.2107239627265859e-08,1.2107239627265859e-08,True,
0,State_0_Empty,0.0,0.0,-0.0,2.5,0.08,1.3029960206009075e-08,1.3029960206009075e-08,True,
0,State_0_Empty,0.0,0.0,-0.0,2.5,0.09,1.3820277186635891e-08,1.3820277186635891e-08,True,
0,State_0_Empty,0.0,0.0,-0.0,2.5,0.1,1.450851723269e-08,1.450851723269e-08,True,
0,State_0_Empty,0.0,0.0,-0.0,3.0,0.0,2.9129696997313884e-20,2.9129696997313884e-20,True,
0,State_0_Empty,0.0,0.0,-0.0,3.0,0.01,2.312732695206045e-09,2.312732695206045e-09,True,
0,State_0_Empty,0.0,0.0,-0.0,3.0,0.02,4.5218613141253575e-09,4.5218613141253575e-09,True,
0,State_0_Empty,0.0,0.0,-0.0,3.0,0.03,6.545515531832898e-09,6.545515531832898e-09,True,
0,State_0_Empty,0.0,0.0,-0.0,3.0,0.04,8.335519628215872e-09,8.335519628215872e-09,True,
0,State_0_Empty,0.0,0.0,-0.0,3.0,0.05,9.878318179937215e-09,9.878318179937215e-09,True,
0,State_0_Empty,0.0,0.0,-0.0,3.0,0.06,1.1187231847743238e-08,1.1187231847743238e-08,True,
0,State_0_Empty,0.0,0.0,-0.0,3.0,0.07,1.2291522451051678e-08,1.2291522451051678e-08,True,
0,State_0_Empty,0.0,0.0,-0.0,3.0,0.08,1.3226632682541396e-08,1.3226632682541396e-08,True,
0,State_0_Empty,0.0,0.0,-0.0,3.0,0.09,1.4027512199922617e-08,1.4027512199922617e-08,True,
0,State_0_Empty,0.0,0.0,-0.0,3.0,0.1,1.472503799543662e-08,1.472503799543662e-08,True,
1,State_1,2e+17,100000000000.0,-0.03204353268,0.0,0.0,1.770793764412763e-22,1.770793764412763e-22,True,
1,State_1,2e+17,100000000000.0,-0.03204353268,0.0,0.01,1.224939627307724e-20,1.224939627307724e-20,True,
1,State_1,2e+17,100000000000.0,-0.03204353268,0.0,0.02,2.0719331719485857e-20,2.0719331719485857e-20,True,
1,State_1,2e+17,100000000000.0,-0.03204353268,0.0,0.03,2.588111508104643e-20,2.588111508104643e-20,True,
1,State_1,2e+17,100000000000.0,-0.03204353268,0.0,0.04,2.9863759506532443e-20,2.9863759506532443e-20,True,
1,State_1,2e+17,100000000000.0,-0.03204353268,0.0,0.05,3.224397622103761e-20,3.224397622103761e-20,True,
1,State_1,2e+17,100000000000.0,-0.03204353268,0.0,0.06,3.429881899843222e-20,3.429881899843222e-20,True,
1,State_1,2e+17,100000000000.0,-0.03204353268,0.0,0.07,3.565233074317716e-20,3.565233074317716e-20,True,
1,State_1,2e+17,100000000000.0,-0.03204353268,0.0,0.08,3.687981846622477e-20,3.687981846622477e-20,True,
1,State_1,2e+17,100000000000.0,-0.03204353268,0.0,0.09,3.635179368338785e-20,3.635179368338785e-20,True,
1,State_1,2e+17,100000000000.0,-0.03204353268,0.0,0.1,3.790345483004956e-20,3.790345483004956e-20,True,
1,State_1,2e+17,100000000000.0,-0.03204353268,0.5,0.0,-7.0496242404637e-23,7.0496242404637e-23,True,
1,State_1,2e+17,100000000000.0,-0.03204353268,0.5,0.01,1.6948427058441603e-12,1.6948427058441603e-12,True,
1,State_1,2e+17,100000000000.0,-0.03204353268,0.5,0.02,2.874799132666917e-12,2.874799132666917e-12,True,
1,State_1,2e+17,100000000000.0,-0.03204353268,0.5,0.03,3.699277589361124e-12,3.699277589361124e-12,True,
1,State_1,2e+17,100000000000.0,-0.03204353268,0.5,0.04,4.2785499178182145e-12,4.2785499178182145e-12,True,
1,State_1,2e+17,100000000000.0,-0.03204353268,0.5,0.05,4.688758575130109e-12,4.688758575130109e-12,True,
1,State_1,2e+17,100000000000.0,-0.03204353268,0.5,0.06,4.9824055239368825e-12,4.9824055239368825e-12,True,
1,State_1,2e+17,100000000000.0,-0.03204353268,0.5,0.07,5.195653013084219e-12,5.195653013084219e-12,True,
1,State_1,2e+17,100000000000.0,-0.03204353268,0.5,0.08,5.3533890368855146e-12,5.3533890368855146e-12,True,
1,State_1,2e+17,100000000000.0,-0.03204353268,0.5,0.09,5.472733034174323e-12,5.472733034174323e-12,True,
1,State_1,2e+17,100000000000.0,-0.03204353268,0.5,0.1,5.565457298359726e-12,5.565457298359726e-12,True,
1,State_1,2e+17,100000000000.0,-0.03204353268,1.0,0.0,3.9216744162466405e-22,3.9216744162466405e-22,True,
1,State_1,2e+17,100000000000.0,-0.03204353268,1.0,0.01,1.6331511259066628e-09,1.6331511259066628e-09,True,
1,State_1,2e+17,100000000000.0,-0.03204353268,1.0,0.02,3.1814405942102448e-09,3.1814405942102448e-09,True,
1,State_1,2e+17,100000000000.0,-0.03204353268,1.0,0.03,4.5908028874040746e-09,4.5908028874040746e-09,True,
1,State_1,2e+17,100000000000.0,-0.03204353268,1.0,0.04,5.828887450169519e-09,5.828887450169519e-09,True,
1,State_1,2e+17,100000000000.0,-0.03204353268,1.0,0.05,6.88580242106732e-09,6.88580242106732e-09,True,
1,State_1,2e+17,100000000000.0,-0.03204353268,1.0,0.06,7.769617165031269e-09,7.769617165031269e-09,True,
1,State_1,2e+17,100000000000.0,-0.03204353268,1.0,0.07,8.499616931489891e-09,8.499616931489891e-09,True,
1,State_1,2e+17,100000000000.0,-0.03204353268,1.0,0.08,9.099937307418073e-09,9.099937307418073e-09,True,
1,State_1,2e+17,100000000000.0,-0.03204353268,1.0,0.09,9.594941005794379e-09,9.594941005794379e-09,True,
1,State_1,2e+17,100000000000.0,-0.03204353268,1.0,0.1,1.0006547000755116e-08,1.0006547000755116e-08,True,
1,State_1,2e+17,100000000000.0,-0.03204353268,1.5,0.0,2.484106744569437e-21,2.484106744569437e-21,True,
1,State_1,2e+17,100000000000.0,-0.03204353268,1.5,0.01,2.0752903240762563e-09,2.0752903240762563e-09,True,
1,State_1,2e+17,100000000000.0,-0.03204353268,1.5,0.02,4.056369254751906e-09,4.056369254751906e-09,True,
1,State_1,2e+17,100000000000.0,-0.03204353268,1.5,0.03,5.871450764398594e-09,5.871450764398594e-09,True,
1,State_1,2e+17,100000000000.0,-0.03204353268,1.5,0.04,7.477621005643482e-09,7.477621005643482e-09,True,
1,State_1,2e+17,100000000000.0,-0.03204353268,1.5,0.05,8.861902873127014e-09,8.861902873127014e-09,True,
1,State_1,2e+17,100000000000.0,-0.03204353268,1.5,0.06,1.0034935926418868e-08,1.0034935926418868e-08,True,
1,State_1,2e+17,100000000000.0,-0.03204353268,1.5,0.07,1.102172164530656e-08,1.102172164530656e-08,True,
1,State_1,2e+17,100000000000.0,-0.03204353268,1.5,0.08,1.185314400460155e-08,1.185314400460155e-08,True,
1,State_1,2e+17,100000000000.0,-0.03204353268,1.5,0.09,1.2560017010227107e-08,1.2560017010227107e-08,True,
1,State_1,2e+17,100000000000.0,-0.03204353268,1.5,0.1,1.316978678081379e-08,1.316978678081379e-08,True,
1,State_1,2e+17,100000000000.0,-0.03204353268,2.0,0.0,-3.1244054804458945e-21,3.1244054804458945e-21,True,
1,State_1,2e+17,100000000000.0,-0.03204353268,2.0,0.01,2.2117670280207755e-09,2.2117670280207755e-09,True,
1,State_1,2e+17,100000000000.0,-0.03204353268,2.0,0.02,4.324755353389117e-09,4.324755353389117e-09,True,
1,State_1,2e+17,100000000000.0,-0.03204353268,2.0,0.03,6.261636855250289e-09,6.261636855250289e-09,True,
1,State_1,2e+17,100000000000.0,-0.03204353268,2.0,0.04,7.976550440230513e-09,7.976550440230513e-09,True,
1,State_1,2e+17,100000000000.0,-0.03204353268,2.0,0.05,9.45612301436528e-09,9.45612301436528e-09,True,
1,State_1,2e+17,100000000000.0,-0.03204353268,2.0,0.06,1.071240119083702e-08,1.071240119083702e-08,True,
1,State_1,2e+17,100000000000.0,-0.03204353268,2.0,0.07,1.1772692707729017e-08,1.1772692707729017e-08,True,
1,State_1,2e+17,100000000000.0,-0.03204353268,2.0,0.08,1.2670386040363756e-08,1.2670386040363756e-08,True,
1,State_1,2e+17,100000000000.0,-0.03204353268,2.0,0.09,1.34385944445183e-08,1.34385944445183e-08,True,
1,State_1,2e+17,100000000000.0,-0.03204353268,2.0,0.1,1.4106693089187988e-08,1.4106693089187988e-08,True,
1,State_1,2e+17,100000000000.0,-0.03204353268,2.5,0.0,-2.2265110979160937e-22,2.2265110979160937e-22,True,
1,State_1,2e+17,100000000000.0,-0.03204353268,2.5,0.01,2.274837012566409e-09,2.274837012566409e-09,True,
1,State_1,2e+17,100000000000.0,-0.03204353268,2.5,0.02,4.44803401169469e-09,4.44803401169469e-09,True,
1,State_1,2e+17,100000000000.0,-0.03204353268,2.5,0.03,6.439469726273562e-09,6.439469726273562e-09,True,
1,State_1,2e+17,100000000000.0,-0.03204353268,2.5,0.04,8.201848895157127e-09,8.201848895157127e-09,True,
1,State_1,2e+17,100000000000.0,-0.03204353268,2.5,0.05,9.721670959299566e-09,9.721670959299566e-09,True,
1,State_1,2e+17,100000000000.0,-0.03204353268,2.5,0.06,1.1011752693320692e-08,1.1011752693320692e-08,True,
1,State_1,2e+17,100000000000.0,-0.03204353268,2.5,0.07,1.2100596005652025e-08,1.2100596005652025e-08,True,
1,State_1,2e+17,100000000000.0,-0.03204353268,2.5,0.08,1.302285169151495e-08,1.302285169151495e-08,True,
1,State_1,2e+17,100000000000.0,-0.03204353268,2.5,0.09,1.381276689234152e-08,1.381276689234152e-08,True,
1,State_1,2e+17,100000000000.0,-0.03204353268,2.5,0.1,1.4500648805833269e-08,1.4500648805833269e-08,True,
1,State_1,2e+17,100000000000.0,-0.03204353268,3.0,0.0,-1.0597447907902473e-20,1.0597447907902473e-20,True,
1,State_1,2e+17,100000000000.0,-0.03204353268,3.0,0.01,2.311897253390485e-09,2.311897253390485e-09,True,
1,State_1,2e+17,100000000000.0,-0.03204353268,3.0,0.02,4.520235601797203e-09,4.520235601797203e-09,True,
1,State_1,2e+17,100000000000.0,-0.03204353268,3.0,0.03,6.543183780982432e-09,6.543183780982432e-09,True,
1,State_1,2e+17,100000000000.0,-0.03204353268,3.0,0.04,8.332585590012928e-09,8.332585590012928e-09,True,
1,State_1,2e+17,100000000000.0,-0.03204353268,3.0,0.05,9.874886624886875e-09,9.874886624886875e-09,True,
1,State_1,2e+17,100000000000.0,-0.03204353268,3.0,0.06,1.1183396104356819e-08,1.1183396104356819e-08,True,
1,State_1,2e+17,100000000000.0,-0.03204353268,3.0,0.07,1.2287358755040781e-08,1.2287358755040781e-08,True,
1,State_1,2e+17,100000000000.0,-0.03204353268,3.0,0.08,1.3222199537658499e-08,1.3222199537658499e-08,True,
1,State_1,2e+17,100000000000.0,-0.03204353268,3.0,0.09,1.4022852438832633e-08,1.4022852438832633e-08,True,
1,State_1,2e+17,100000000000.0,-0.03204353268,3.0,0.1,1.4720181789241557e-08,1.4720181789241557e-08,True,
2,State_2,5e+17,250000000000.0,-0.0801088317,0.0,0.0,2.905332646243948e-22,2.905332646243948e-22,True,
2,State_2,5e+17,250000000000.0,-0.0801088317,0.0,0.01,4.825534449577437e-21,4.825534449577437e-21,True,
2,State_2,5e+17,250000000000.0,-0.0801088317,0.0,0.02,9.558845790447697e-21,9.558845790447697e-21,True,
2,State_2,5e+17,250000000000.0,-0.0801088317,0.0,0.03,1.1045984841529823e-20,1.1045984841529823e-20,True,
2,State_2,5e+17,250000000000.0,-0.0801088317,0.0,0.04,1.3168934677992637e-20,1.3168934677992637e-20,True,
2,State_2,5e+17,250000000000.0,-0.0801088317,0.0,0.05,1.4178338747293475e-20,1.4178338747293475e-20,True,
2,State_2,5e+17,250000000000.0,-0.0801088317,0.0,0.06,1.4757348742919035e-20,1.4757348742919035e-20,True,
2,State_2,5e+17,250000000000.0,-0.0801088317,0.0,0.07,1.620768407426644e-20,1.620768407426644e-20,True,
2,State_2,5e+17,250000000000.0,-0.0801088317,0.0,0.08,1.5748612559623134e-20,1.5748612559623134e-20,True,
2,State_2,5e+17,250000000000.0,-0.0801088317,0.0,0.09,1.583558048600705e-20,1.583558048600705e-20,True,
2,State_2,5e+17,250000000000.0,-0.0801088317,0.0,0.1,1.647096244797188e-20,1.647096244797188e-20,True,
2,State_2,5e+17,250000000000.0,-0.0801088317,0.5,0.0,3.9298517908081056e-22,3.9298517908081056e-22,True,
2,State_2,5e+17,250000000000.0,-0.0801088317,0.5,0.01,7.791865161170774e-13,7.791865161170774e-13,True,
2,State_2,5e+17,250000000000.0,-0.0801088317,0.5,0.02,1.3202514998255643e-12,1.3202514998255643e-12,True,
2,State_2,5e+17,250000000000.0,-0.0801088317,0.5,0.03,1.6973593108010093e-12,1.6973593108010093e-12,True,
2,State_2,5e+17,250000000000.0,-0.0801088317,0.5,0.04,1.9616333979474397e-12,1.9616333979474397e-12,True,
2,State_2,5e+17,250000000000.0,-0.0801088317,0.5,0.05,2.1482728695509208e-12,2.1482728695509208e-12,True,
2,State_2,5e+17,250000000000.0,-0.0801088317,0.5,0.06,2.2814900968649033e-12,2.2814900968649033e-12,True,
2,State_2,5e+17,250000000000.0,-0.0801088317,0.5,0.07,2.3779279521740485e-12,2.3779279521740485e-12,True,
2,State_2,5e+17,250000000000.0,-0.0801088317,0.5,0.08,2.449020085081944e-12,2.449020085081944e-12,True,
2,State_2,5e+17,250000000000.0,-0.0801088317,0.5,0.09,2.502618553666859e-12,2.502618553666859e-12,True,
2,State_2,5e+17,250000000000.0,-0.0801088317,0.5,0.1,2.544114763777002e-12,2.544114763777002e-12,True,
2,State_2,5e+17,250000000000.0,-0.0801088317,1.0,0.0,-6.928824620542023e-23,6.928824620542023e-23,True,
2,State_2,5e+17,250000000000.0,-0.0801088317,1.0,0.01,1.5961783269935938e-09,1.5961783269935938e-09,True,
2,State_2,5e+17,250000000000.0,-0.0801088317,1.0,0.02,3.108213180550517e-09,3.108213180550517e-09,True,
2,State_2,5e+17,250000000000.0,-0.0801088317,1.0,0.03,4.483656141668815e-09,4.483656141668815e-09,True,
2,State_2,5e+17,250000000000.0,-0.0801088317,1.0,0.04,5.691159125817459e-09,5.691159125817459e-09,True,
2,State_2,5e+17,250000000000.0,-0.0801088317,1.0,0.05,6.7211631746394855e-09,6.7211631746394855e-09,True,
2,State_2,5e+17,250000000000.0,-0.0801088317,1.0,0.06,7.58154211151012e-09,7.58154211151012e-09,True,
2,State_2,5e+17,250000000000.0,-0.0801088317,1.0,0.07,8.291074637900375e-09,8.291074637900375e-09,True,
2,State_2,5e+17,250000000000.0,-0.0801088317,1.0,0.08,8.87327356240635e-09,8.87327356240635e-09,True,
2,State_2,5e+17,250000000000.0,-0.0801088317,1.0,0.09,9.351892049961734e-09,9.351892049961734e-09,True,
2,State_2,5e+17,250000000000.0,-0.0801088317,1.0,0.1,9.748318185092286e-09,9.748318185092286e-09,True,
2,State_2,5e+17,250000000000.0,-0.0801088317,1.5,0.0,-3.646716936501302e-21,3.646716936501302e-21,True,
2,State_2,5e+17,250000000000.0,-0.0801088317,1.5,0.01,2.065929364168429e-09,2.065929364168429e-09,True,
2,State_2,5e+17,250000000000.0,-0.0801088317,1.5,0.02,4.0378956875324875e-09,4.0378956875324875e-09,True,
2,State_2,5e+17,250000000000.0,-0.0801088317,1.5,0.03,5.844474389508158e-09,5.844474389508158e-09,True,
2,State_2,5e+17,250000000000.0,-0.0801088317,1.5,0.04,7.44294937122137e-09,7.44294937122137e-09,True,
2,State_2,5e+17,250000000000.0,-0.0801088317,1.5,0.05,8.8203778450949e-09,8.8203778450949e-09,True,
2,State_2,5e+17,250000000000.0,-0.0801088317,1.5,0.06,9.987316152061903e-09,9.987316152061903e-09,True,
2,State_2,5e+17,250000000000.0,-0.0801088317,1.5,0.07,1.0968622259103172e-08,1.0968622259103172e-08,True,
2,State_2,5e+17,250000000000.0,-0.0801088317,1.5,0.08,1.1795021788214443e-08,1.1795021788214443e-08,True,
2,State_2,5e+17,250000000000.0,-0.0801088317,1.5,0.09,1.2497182523977272e-08,1.2497182523977272e-08,True,
2,State_2,5e+17,250000000000.0,-0.0801088317,1.5,0.1,1.3102428228898512e-08,1.3102428228898512e-08,True,
2,State_2,5e+17,250000000000.0,-0.0801088317,2.0,0.0,-2.78556212435756e-20,2.78556212435756e-20,True,
2,State_2,5e+17,250000000000.0,-0.0801088317,2.0,0.01,2.208058358826878e-09,2.208058358826878e-09,True,
2,State_2,5e+17,250000000000.0,-0.0801088317,2.0,0.02,4.317490209162187e-09,4.317490209162187e-09,True,
2,State_2,5e+17,250000000000.0,-0.0801088317,2.0,0.03,6.251126756511402e-09,6.251126756511402e-09,True,
2,State_2,5e+17,250000000000.0,-0.0801088317,2.0,0.04,7.963189738670294e-09,7.963189738670294e-09,True,
2,State_2,5e+17,250000000000.0,-0.0801088317,2.0,0.05,9.440314750593895e-09,9.440314750593895e-09,True,
2,State_2,5e+17,250000000000.0,-0.0801088317,2.0,0.06,1.0694505630115373e-08,1.0694505630115373e-08,True,
2,State_2,5e+17,250000000000.0,-0.0801088317,2.0,0.07,1.1753002518318032e-08,1.1753002518318032e-08,True,
2,State_2,5e+17,250000000000.0,-0.0801088317,2.0,0.08,1.2649121707315988e-08,1.2649121707315988e-08,True,
2,State_2,5e+17,250000000000.0,-0.0801088317,2.0,0.09,1.3415911017946777e-08,1.3415911017946777e-08,True,
2,State_2,5e+17,250000000000.0,-0.0801088317,2.0,0.1,1.4082691294538466e-08,1.4082691294538466e-08,True,
2,State_2,5e+17,250000000000.0,-0.0801088317,2.5,0.0,-4.3656699868377265e-20,4.3656699868377265e-20,True,
2,State_2,5e+17,250000000000.0,-0.0801088317,2.5,0.01,2.2728446136221323e-09,2.2728446136221323e-09,True,
2,State_2,5e+17,250000000000.0,-0.0801088317,2.5,0.02,4.444147509116083e-09,4.444147509116083e-09,True,
2,State_2,5e+17,250000000000.0,-0.0801088317,2.5,0.03,6.43387799784972e-09,6.43387799784972e-09,True,
2,State_2,5e+17,250000000000.0,-0.0801088317,2.5,0.04,8.19478678465519e-09,8.19478678465519e-09,True,
2,State_2,5e+17,250000000000.0,-0.0801088317,2.5,0.05,9.713376679226664e-09,9.713376679226664e-09,True,
2,State_2,5e+17,250000000000.0,-0.0801088317,2.5,0.06,1.1002438832064646e-08,1.1002438832064646e-08,True,
2,State_2,5e+17,250000000000.0,-0.0801088317,2.5,0.07,1.2090436088718778e-08,1.2090436088718778e-08,True,
2,State_2,5e+17,250000000000.0,-0.0801088317,2.5,0.08,1.3011978318386955e-08,1.3011978318386955e-08,True,
2,State_2,5e+17,250000000000.0,-0.0801088317,2.5,0.09,1.3801276192166384e-08,1.3801276192166384e-08,True,
2,State_2,5e+17,250000000000.0,-0.0801088317,2.5,0.1,1.4488607187108033e-08,1.4488607187108033e-08,True,
2,State_2,5e+17,250000000000.0,-0.0801088317,3.0,0.0,-2.0882374276177478e-20,2.0882374276177478e-20,True,
2,State_2,5e+17,250000000000.0,-0.0801088317,3.0,0.01,2.3106267401663562e-09,2.3106267401663562e-09,True,
2,State_2,5e+17,250000000000.0,-0.0801088317,3.0,0.02,4.517763114998664e-09,4.517763114998664e-09,True,
2,State_2,5e+17,250000000000.0,-0.0801088317,3.0,0.03,6.539637221590509e-09,6.539637221590509e-09,True,
2,State_2,5e+17,250000000000.0,-0.0801088317,3.0,0.04,8.328122535713413e-09,8.328122535713413e-09,True,
2,State_2,5e+17,250000000000.0,-0.0801088317,3.0,0.05,9.86966621901355e-09,9.86966621901355e-09,True,
2,State_2,5e+17,250000000000.0,-0.0801088317,3.0,0.06,1.1177560119060762e-08,1.1177560119060762e-08,True,
2,State_2,5e+17,250000000000.0,-0.0801088317,3.0,0.07,1.2281022995751799e-08,1.2281022995751799e-08,True,
2,State_2,5e+17,250000000000.0,-0.0801088317,3.0,0.08,1.3215452867039005e-08,1.3215452867039005e-08,True,
2,State_2,5e+17,250000000000.0,-0.0801088317,3.0,0.09,1.4015759903399235e-08,1.4015759903399235e-08,True,
2,State_2,5e+17,250000000000.0,-0.0801088317,3.0,0.1,1.4712789189364674e-08,1.4712789189364674e-08,True,
3,State_3,1e+18,500000000000.0,-0.1602176634,0.0,0.0,5.645175239094871e-22,5.645175239094871e-22,True,
3,State_3,1e+18,500000000000.0,-0.1602176634,0.0,0.01,1.4460110324791209e-21,1.4460110324791209e-21,True,
3,State_3,1e+18,500000000000.0,-0.1602176634,0.0,0.02,1.910021349433658e-21,1.910021349433658e-21,True,
3,State_3,1e+18,500000000000.0,-0.1602176634,0.0,0.03,3.413791062039312e-21,3.413791062039312e-21,True,
3,State_3,1e+18,500000000000.0,-0.1602176634,0.0,0.04,3.082890314171008e-21,3.082890314171008e-21,True,
3,State_3,1e+18,500000000000.0,-0.1602176634,0.0,0.05,4.0420835082838535e-21,4.0420835082838535e-21,True,
3,State_3,1e+18,500000000000.0,-0.1602176634,0.0,0.06,4.05707427912708e-21,4.05707427912708e-21,True,
3,State_3,1e+18,500000000000.0,-0.1602176634,0.0,0.07,4.293915822945816e-21,4.293915822945816e-21,True,
3,State_3,1e+18,500000000000.0,-0.1602176634,0.0,0.08,4.832452163196745e-21,4.832452163196745e-21,True,
3,State_3,1e+18,500000000000.0,-0.1602176634,0.0,0.09,3.878841906155926e-21,3.878841906155926e-21,True,
3,State_3,1e+18,500000000000.0,-0.1602176634,0.0,0.1,3.934007964075892e-21,3.934007964075892e-21,True,
3,State_3,1e+18,500000000000.0,-0.1602176634,0.5,0.0,4.963990257677589e-22,4.963990257677589e-22,True,
3,State_3,1e+18,500000000000.0,-0.1602176634,0.5,0.01,2.1131000533974717e-13,2.1131000533974717e-13,True,
3,State_3,1e+18,500000000000.0,-0.1602176634,0.5,0.02,3.576039785637159e-13,3.576039785637159e-13,True,
3,State_3,1e+18,500000000000.0,-0.1602176634,0.5,0.03,4.592558942471396e-13,4.592558942471396e-13,True,
3,State_3,1e+18,500000000000.0,-0.1602176634,0.5,0.04,5.30261865531858e-13,5.30261865531858e-13,True,
3,State_3,1e+18,500000000000.0,-0.1602176634,0.5,0.05,5.802304580246882e-13,5.802304580246882e-13,True,
3,State_3,1e+18,500000000000.0,-0.1602176634,0.5,0.06,6.157546315212937e-13,6.157546315212937e-13,True,
3,State_3,1e+18,500000000000.0,-0.1602176634,0.5,0.07,6.413562716189831e-13,6.413562716189831e-13,True,
3,State_3,1e+18,500000000000.0,-0.1602176634,0.5,0.08,6.601357997973365e-13,6.601357997973365e-13,True,
3,State_3,1e+18,500000000000.0,-0.1602176634,0.5,0.09,6.742185580913412e-13,6.742185580913412e-13,True,
3,State_3,1e+18,500000000000.0,-0.1602176634,0.5,0.1,6.850613221865949e-13,6.850613221865949e-13,True,
3,State_3,1e+18,500000000000.0,-0.1602176634,1.0,0.0,-4.446214020163387e-22,4.446214020163387e-22,True,
3,State_3,1e+18,500000000000.0,-0.1602176634,1.0,0.01,1.528219348123686e-09,1.528219348123686e-09,True,
3,State_3,1e+18,500000000000.0,-0.1602176634,1.0,0.02,2.9735494786145483e-09,2.9735494786145483e-09,True,
3,State_3,1e+18,500000000000.0,-0.1602176634,1.0,0.03,4.286562023146936e-09,4.286562023146936e-09,True,
3,State_3,1e+18,500000000000.0,-0.1602176634,1.0,0.04,5.43778994838383e-09,5.43778994838383e-09,True,
3,State_3,1e+18,500000000000.0,-0.1602176634,1.0,0.05,6.4183059897187595e-09,6.4183059897187595e-09,True,
3,State_3,1e+18,500000000000.0,-0.1602176634,1.0,0.06,7.2356237281268865e-09,7.2356237281268865e-09,True,
3,State_3,1e+18,500000000000.0,-0.1602176634,1.0,0.07,7.907574651977507e-09,7.907574651977507e-09,True,
3,State_3,1e+18,500000000000.0,-0.1602176634,1.0,0.08,8.456504041615432e-09,8.456504041615432e-09,True,
3,State_3,1e+18,500000000000.0,-0.1602176634,1.0,0.09,8.905022970739778e-09,8.905022970739778e-09,True,
3,State_3,1e+18,500000000000.0,-0.1602176634,1.0,0.1,9.273528040564627e-09,9.273528040564627e-09,True,
3,State_3,1e+18,500000000000.0,-0.1602176634,1.5,0.0,8.607838136518253e-22,8.607838136518253e-22,True,
3,State_3,1e+18,500000000000.0,-0.1602176634,1.5,0.01,2.049271792059364e-09,2.049271792059364e-09,True,
3,State_3,1e+18,500000000000.0,-0.1602176634,1.5,0.02,4.005007350378828e-09,4.005007350378828e-09,True,
3,State_3,1e+18,500000000000.0,-0.1602176634,1.5,0.03,5.796421964457737e-09,5.796421964457737e-09,True,
3,State_3,1e+18,500000000000.0,-0.1602176634,1.5,0.04,7.3811517435165985e-09,7.3811517435165985e-09,True,
3,State_3,1e+18,500000000000.0,-0.1602176634,1.5,0.05,8.74631819806882e-09,8.74631819806882e-09,True,
3,State_3,1e+18,500000000000.0,-0.1602176634,1.5,0.06,9.902334385203311e-09,9.902334385203311e-09,True,
3,State_3,1e+18,500000000000.0,-0.1602176634,1.5,0.07,1.0873808138545e-08,1.0873808138545e-08,True,
3,State_3,1e+18,500000000000.0,-0.1602176634,1.5,0.08,1.169118839257698e-08,1.169118839257698e-08,True,
3,State_3,1e+18,500000000000.0,-0.1602176634,1.5,0.09,1.238488755129013e-08,1.238488755129013e-08,True,
3,State_3,1e+18,500000000000.0,-0.1602176634,1.5,0.1,1.2982016286161795e-08,1.2982016286161795e-08,True,
3,State_3,1e+18,500000000000.0,-0.1602176634,2.0,0.0,5.349969041947291e-21,5.349969041947291e-21,True,
3,State_3,1e+18,500000000000.0,-0.1602176634,2.0,0.01,2.2016076354797347e-09,2.2016076354797347e-09,True,
3,State_3,1e+18,500000000000.0,-0.1602176634,2.0,0.02,4.304849319792264e-09,4.304849319792264e-09,True,
3,State_3,1e+18,500000000000.0,-0.1602176634,2.0,0.03,6.232832076422966e-09,6.232832076422966e-09,True,
3,State_3,1e+18,500000000000.0,-0.1602176634,2.0,0.04,7.939921289690426e-09,7.939921289690426e-09,True,
3,State_3,1e+18,500000000000.0,-0.1602176634,2.0,0.05,9.4127679429237e-09,9.4127679429237e-09,True,
3,State_3,1e+18,500000000000.0,-0.1602176634,2.0,0.06,1.0663302096354477e-08,1.0663302096354477e-08,True,
3,State_3,1e+18,500000000000.0,-0.1602176634,2.0,0.07,1.1718646975578173e-08,1.1718646975578173e-08,True,
3,State_3,1e+18,500000000000.0,-0.1602176634,2.0,0.08,1.2611993836449052e-08,1.2611993836449052e-08,True,
3,State_3,1e+18,500000000000.0,-0.1602176634,2.0,0.09,1.3376276996344557e-08,1.3376276996344557e-08,True,
3,State_3,1e+18,500000000000.0,-0.1602176634,2.0,0.1,1.4040722929600922e-08,1.4040722929600922e-08,True,
3,State_3,1e+18,500000000000.0,-0.1602176634,2.5,0.0,-1.675223044281127e-20,1.675223044281127e-20,True,
3,State_3,1e+18,500000000000.0,-0.1602176634,2.5,0.01,2.2694236761216885e-09,2.2694236761216885e-09,True,
3,State_3,1e+18,500000000000.0,-0.1602176634,2.5,0.02,4.437473217257886e-09,4.437473217257886e-09,True,
3,State_3,1e+18,500000000000.0,-0.1602176634,2.5,0.03,6.424273123693171e-09,6.424273123693171e-09,True,
3,State_3,1e+18,500000000000.0,-0.1602176634,2.5,0.04,8.182652936111142e-09,8.182652936111142e-09,True,
3,State_3,1e+18,500000000000.0,-0.1602176634,2.5,0.05,9.69912135755089e-09,9.69912135755089e-09,True,
3,State_3,1e+18,500000000000.0,-0.1602176634,2.5,0.06,1.0986425745337486e-08,1.0986425745337486e-08,True,
3,State_3,1e+18,500000000000.0,-0.1602176634,2.5,0.07,1.2072962082249274e-08,1.2072962082249274e-08,True,
3,State_3,1e+18,500000000000.0,-0.1602176634,2.5,0.08,1.2993270133072153e-08,1.2993270133072153e-08,True,
3,State_3,1e+18,500000000000.0,-0.1602176634,2.5,0.09,1.378149805391612e-08,1.378149805391612e-08,True,
3,State_3,1e+18,500000000000.0,-0.1602176634,2.5,0.1,1.446787234214043e-08,1.446787234214043e-08,True,
3,State_3,1e+18,500000000000.0,-0.1602176634,3.0,0.0,-5.557482982068892e-21,5.557482982068892e-21,True,
3,State_3,1e+18,500000000000.0,-0.1602176634,3.0,0.01,2.3084615073391333e-09,2.3084615073391333e-09,True,
3,State_3,1e+18,500000000000.0,-0.1602176634,3.0,0.02,4.513549020725882e-09,4.513549020725882e-09,True,
3,State_3,1e+18,500000000000.0,-0.1602176634,3.0,0.03,6.533591688828132e-09,6.533591688828132e-09,True,
3,State_3,1e+18,500000000000.0,-0.1602176634,3.0,0.04,8.320513540184124e-09,8.320513540184124e-09,True,
3,State_3,1e+18,500000000000.0,-0.1602176634,3.0,0.05,9.860764450693836e-09,9.860764450693836e-09,True,
3,State_3,1e+18,500000000000.0,-0.1602176634,3.0,0.06,1.1167606740794744e-08,1.1167606740794744e-08,True,
3,State_3,1e+18,500000000000.0,-0.1602176634,3.0,0.07,1.2270214998146904e-08,1.2270214998146904e-08,True,
3,State_3,1e+18,500000000000.0,-0.1602176634,3.0,0.08,1.3203941388825906e-08,1.3203941388825906e-08,True,
3,State_3,1e+18,500000000000.0,-0.1602176634,3.0,0.09,1.400365553921275e-08,1.400365553921275e-08,True,
3,State_3,1e+18,500000000000.0,-0.1602176634,3.0,0.1,1.4700169760515894e-08,1.4700169760515894e-08,True,
4,State_4_Programmed,2e+18,1000000000000.0,-0.3204353268,0.0,0.0,-2.7643021708606297e-22,2.7643021708606297e-22,True,
4,State_4_Programmed,2e+18,1000000000000.0,-0.3204353268,0.0,0.01,4.800202367018683e-22,4.800202367018683e-22,True,
4,State_4_Programmed,2e+18,1000000000000.0,-0.3204353268,0.0,0.02,8.070784065757955e-22,8.070784065757955e-22,True,
4,State_4_Programmed,2e+18,1000000000000.0,-0.3204353268,0.0,0.03,6.926883819149748e-22,6.926883819149748e-22,True,
4,State_4_Programmed,2e+18,1000000000000.0,-0.3204353268,0.0,0.04,-3.7317331619561593e-22,3.7317331619561593e-22,True,
4,State_4_Programmed,2e+18,1000000000000.0,-0.3204353268,0.0,0.05,6.774137306718378e-23,6.774137306718378e-23,True,
4,State_4_Programmed,2e+18,1000000000000.0,-0.3204353268,0.0,0.06,9.390417145635431e-22,9.390417145635431e-22,True,
4,State_4_Programmed,2e+18,1000000000000.0,-0.3204353268,0.0,0.07,-3.2582671283727975e-22,3.2582671283727975e-22,True,
4,State_4_Programmed,2e+18,1000000000000.0,-0.3204353268,0.0,0.08,-2.2373880633766523e-22,2.2373880633766523e-22,True,
4,State_4_Programmed,2e+18,1000000000000.0,-0.3204353268,0.0,0.09,9.744149163264812e-23,9.744149163264812e-23,True,
4,State_4_Programmed,2e+18,1000000000000.0,-0.3204353268,0.0,0.1,-3.795630219733516e-22,3.795630219733516e-22,True,
4,State_4_Programmed,2e+18,1000000000000.0,-0.3204353268,0.5,0.0,2.87709768808522e-22,2.87709768808522e-22,True,
4,State_4_Programmed,2e+18,1000000000000.0,-0.3204353268,0.5,0.01,1.5199667306660262e-14,1.5199667306660262e-14,True,
4,State_4_Programmed,2e+18,1000000000000.0,-0.3204353268,0.5,0.02,2.5685149586899966e-14,2.5685149586899966e-14,True,
4,State_4_Programmed,2e+18,1000000000000.0,-0.3204353268,0.5,0.03,3.294282792512315e-14,3.294282792512315e-14,True,
4,State_4_Programmed,2e+18,1000000000000.0,-0.3204353268,0.5,0.04,3.799052809768099e-14,3.799052809768099e-14,True,
4,State_4_Programmed,2e+18,1000000000000.0,-0.3204353268,0.5,0.05,4.152502178240059e-14,4.152502178240059e-14,True,
4,State_4_Programmed,2e+18,1000000000000.0,-0.3204353268,0.5,0.06,4.402318229993549e-14,4.402318229993549e-14,True,
4,State_4_Programmed,2e+18,1000000000000.0,-0.3204353268,0.5,0.07,4.581132067347108e-14,4.581132067347108e-14,True,
4,State_4_Programmed,2e+18,1000000000000.0,-0.3204353268,0.5,0.08,4.711268231832664e-14,4.711268231832664e-14,True,
4,State_4_Programmed,2e+18,1000000000000.0,-0.3204353268,0.5,0.09,4.807998905312681e-14,4.807998905312681e-14,True,
4,State_4_Programmed,2e+18,1000000000000.0,-0.3204353268,0.5,0.1,4.8817708138563036e-14,4.8817708138563036e-14,True,
4,State_4_Programmed,2e+18,1000000000000.0,-0.3204353268,1.0,0.0,-4.635406002843991e-22,4.635406002843991e-22,True,
4,State_4_Programmed,2e+18,1000000000000.0,-0.3204353268,1.0,0.01,1.3616719837349976e-09,1.3616719837349976e-09,True,
4,State_4_Programmed,2e+18,1000000000000.0,-0.3204353268,1.0,0.02,2.642925896026772e-09,2.642925896026772e-09,True,
4,State_4_Programmed,2e+18,1000000000000.0,-0.3204353268,1.0,0.03,3.801971710288359e-09,3.801971710288359e-09,True,
4,State_4_Programmed,2e+18,1000000000000.0,-0.3204353268,1.0,0.04,4.814196468638783e-09,4.814196468638783e-09,True,
4,State_4_Programmed,2e+18,1000000000000.0,-0.3204353268,1.0,0.05,5.672413896923807e-09,5.672413896923807e-09,True,
4,State_4_Programmed,2e+18,1000000000000.0,-0.3204353268,1.0,0.06,6.383363070488282e-09,6.383363070488282e-09,True,
4,State_4_Programmed,2e+18,1000000000000.0,-0.3204353268,1.0,0.07,6.9625834353185785e-09,6.9625834353185785e-09,True,
4,State_4_Programmed,2e+18,1000000000000.0,-0.3204353268,1.0,0.08,7.429542910544994e-09,7.429542910544994e-09,True,
4,State_4_Programmed,2e+18,1000000000000.0,-0.3204353268,1.0,0.09,7.804033434957596e-09,7.804033434957596e-09,True,
4,State_4_Programmed,2e+18,1000000000000.0,-0.3204353268,1.0,0.1,8.104031790308919e-09,8.104031790308919e-09,True,
4,State_4_Programmed,2e+18,1000000000000.0,-0.3204353268,1.5,0.0,2.5343044289455345e-21,2.5343044289455345e-21,True,
4,State_4_Programmed,2e+18,1000000000000.0,-0.3204353268,1.5,0.01,2.011417988433458e-09,2.011417988433458e-09,True,
4,State_4_Programmed,2e+18,1000000000000.0,-0.3204353268,1.5,0.02,3.9302083420465316e-09,3.9302083420465316e-09,True,
4,State_4_Programmed,2e+18,1000000000000.0,-0.3204353268,1.5,0.03,5.687030125550649e-09,5.687030125550649e-09,True,
4,State_4_Programmed,2e+18,1000000000000.0,-0.3204353268,1.5,0.04,7.2403250438424585e-09,7.2403250438424585e-09,True,
4,State_4_Programmed,2e+18,1000000000000.0,-0.3204353268,1.5,0.05,8.577378094504266e-09,8.577378094504266e-09,True,
4,State_4_Programmed,2e+18,1000000000000.0,-0.3204353268,1.5,0.06,9.708300436803748e-09,9.708300436803748e-09,True,
4,State_4_Programmed,2e+18,1000000000000.0,-0.3204353268,1.5,0.07,1.0657156742201426e-08,1.0657156742201426e-08,True,
4,State_4_Programmed,2e+18,1000000000000.0,-0.3204353268,1.5,0.08,1.1453791509377291e-08,1.1453791509377291e-08,True,
4,State_4_Programmed,2e+18,1000000000000.0,-0.3204353268,1.5,0.09,1.2128059568757696e-08,1.2128059568757696e-08,True,
4,State_4_Programmed,2e+18,1000000000000.0,-0.3204353268,1.5,0.1,1.2706608804602923e-08,1.2706608804602923e-08,True,
4,State_4_Programmed,2e+18,1000000000000.0,-0.3204353268,2.0,0.0,-4.16412032061571e-21,4.16412032061571e-21,True,
4,State_4_Programmed,2e+18,1000000000000.0,-0.3204353268,2.0,0.01,2.187588016726204e-09,2.187588016726204e-09,True,
4,State_4_Programmed,2e+18,1000000000000.0,-0.3204353268,2.0,0.02,4.2773583735920035e-09,4.2773583735920035e-09,True,
4,State_4_Programmed,2e+18,1000000000000.0,-0.3204353268,2.0,0.03,6.193011862166148e-09,6.193011862166148e-09,True,
4,State_4_Programmed,2e+18,1000000000000.0,-0.3204353268,2.0,0.04,7.889224186192035e-09,7.889224186192035e-09,True,
4,State_4_Programmed,2e+18,1000000000000.0,-0.3204353268,2.0,0.05,9.352680936842663e-09,9.352680936842663e-09,True,
4,State_4_Programmed,2e+18,1000000000000.0,-0.3204353268,2.0,0.06,1.0595154512308389e-08,1.0595154512308389e-08,True,
4,State_4_Programmed,2e+18,1000000000000.0,-0.3204353268,2.0,0.07,1.1643516892640193e-08,1.1643516892640193e-08,True,
4,State_4_Programmed,2e+18,1000000000000.0,-0.3204353268,2.0,0.08,1.2530689829963807e-08,1.2530689829963807e-08,True,
4,State_4_Programmed,2e+18,1000000000000.0,-0.3204353268,2.0,0.09,1.3289362336798273e-08,1.3289362336798273e-08,True,
4,State_4_Programmed,2e+18,1000000000000.0,-0.3204353268,2.0,0.1,1.394855635128837e-08,1.394855635128837e-08,True,
4,State_4_Programmed,2e+18,1000000000000.0,-0.3204353268,2.5,0.0,-1.1518050081386927e-20,1.1518050081386927e-20,True,
4,State_4_Programmed,2e+18,1000000000000.0,-0.3204353268,2.5,0.01,2.262177130193658e-09,2.262177130193658e-09,True,
4,State_4_Programmed,2e+18,1000000000000.0,-0.3204353268,2.5,0.02,4.423330125630172e-09,4.423330125630172e-09,True,
4,State_4_Programmed,2e+18,1000000000000.0,-0.3204353268,2.5,0.03,6.403910779717269e-09,6.403910779717269e-09,True,
4,State_4_Programmed,2e+18,1000000000000.0,-0.3204353268,2.5,0.04,8.1569152527377e-09,8.1569152527377e-09,True,
4,State_4_Programmed,2e+18,1000000000000.0,-0.3204353268,2.5,0.05,9.668865179880435e-09,9.668865179880435e-09,True,
4,State_4_Programmed,2e+18,1000000000000.0,-0.3204353268,2.5,0.06,1.0952415996183706e-08,1.0952415996183706e-08,True,
4,State_4_Programmed,2e+18,1000000000000.0,-0.3204353268,2.5,0.07,1.2035822918242854e-08,1.2035822918242854e-08,True,
4,State_4_Programmed,2e+18,1000000000000.0,-0.3204353268,2.5,0.08,1.2953477893015387e-08,1.2953477893015387e-08,True,
4,State_4_Programmed,2e+18,1000000000000.0,-0.3204353268,2.5,0.09,1.373939708601608e-08,1.373939708601608e-08,True,
4,State_4_Programmed,2e+18,1000000000000.0,-0.3204353268,2.5,0.1,1.4423699203525317e-08,1.4423699203525317e-08,True,
4,State_4_Programmed,2e+18,1000000000000.0,-0.3204353268,3.0,0.0,4.9319028618517815e-20,4.9319028618517815e-20,True,
4,State_4_Programmed,2e+18,1000000000000.0,-0.3204353268,3.0,0.01,2.303941745661836e-09,2.303941745661836e-09,True,
4,State_4_Programmed,2e+18,1000000000000.0,-0.3204353268,3.0,0.02,4.504750628760318e-09,4.504750628760318e-09,True,
4,State_4_Programmed,2e+18,1000000000000.0,-0.3204353268,3.0,0.03,6.520966268976252e-09,6.520966268976252e-09,True,
4,State_4_Programmed,2e+18,1000000000000.0,-0.3204353268,3.0,0.04,8.30461812404545e-09,8.30461812404545e-09,True,
4,State_4_Programmed,2e+18,1000000000000.0,-0.3204353268,3.0,0.05,9.842161920893883e-09,9.842161920893883e-09,True,
4,State_4_Programmed,2e+18,1000000000000.0,-0.3204353268,3.0,0.06,1.1146798665100086e-08,1.1146798665100086e-08,True,
4,State_4_Programmed,2e+18,1000000000000.0,-0.3204353268,3.0,0.07,1.2247611063775417e-08,1.2247611063775417e-08,True,
4,State_4_Programmed,2e+18,1000000000000.0,-0.3204353268,3.0,0.08,1.3179855836653612e-08,1.3179855836653612e-08,True,
4,State_4_Programmed,2e+18,1000000000000.0,-0.3204353268,3.0,0.09,1.397831815711117e-08,1.397831815711117e-08,True,
4,State_4_Programmed,2e+18,1000000000000.0,-0.3204353268,3.0,0.1,1.4673742024668275e-08,1.4673742024668275e-08,True,
